City_ID,City,Country,Date,Lat,Lng,Max Temp,Humidity,Cloudiness,Wind Speed
0,Butaritari,KI,2022-01-09 17:12:27,3.0707,172.7902,80.51,78,96,11.92
1,Hilo,US,2022-01-09 17:07:48,19.7297,-155.09,66.11,72,0,5.75
2,Berlevag,NO,2022-01-09 17:12:28,70.8578,29.0864,26.6,60,100,15.64
3,Ilulissat,GL,2022-01-09 17:12:29,69.2167,-51.1,8.62,72,75,4.61
4,Arraial Do Cabo,BR,2022-01-09 17:12:30,-22.9661,-42.0278,73.26,83,100,3.44
5,Yanam,IN,2022-01-09 17:12:30,16.7333,82.2167,75.6,86,1,1.72
6,Barrow,US,2022-01-09 17:12:31,71.2906,-156.7887,-18.38,69,0,6.91
7,Kendari,ID,2022-01-09 17:12:31,-3.945,122.4989,76.46,89,100,0.47
8,Belaya Gora,RU,2022-01-09 17:12:32,68.5333,146.4167,-31.14,100,91,3.09
9,Canon City,US,2022-01-09 17:12:32,38.441,-105.2424,43.21,87,100,1.01
10,Malindi,KE,2022-01-09 17:12:33,-3.2175,40.1191,79.66,80,8,13.73
11,Nikolskoye,RU,2022-01-09 17:12:34,59.7035,30.7861,24.69,98,97,3.47
12,Bredasdorp,ZA,2022-01-09 17:12:34,-34.5322,20.0403,70.29,84,99,8.34
13,Eureka,US,2022-01-09 17:12:35,40.8021,-124.1637,45.19,59,4,7.36
14,Ahipara,NZ,2022-01-09 17:10:23,-35.1667,173.1667,62.96,89,100,1.16
15,Ushuaia,AR,2022-01-09 17:12:37,-54.8,-68.3,47.86,49,75,28.77
16,Chokurdakh,RU,2022-01-09 17:12:41,70.6333,147.9167,-24.03,94,70,8.77
17,Puro,PH,2022-01-09 17:12:42,12.4841,123.3827,76.8,87,5,7.07
18,Esperance,AU,2022-01-09 17:12:42,-33.8667,121.9,62.91,65,81,16.73
19,Rikitea,PF,2022-01-09 17:12:43,-23.1203,-134.9692,77.99,76,100,19.84
20,Byron Bay,AU,2022-01-09 17:12:07,-28.65,153.6167,72.88,81,30,5.44
21,Paamiut,GL,2022-01-09 17:12:48,61.994,-49.6678,13.6,82,100,27.42
22,New Norfolk,AU,2022-01-09 17:12:48,-42.7826,147.0587,60.3,84,82,0.65
23,Hermanus,ZA,2022-01-09 17:12:49,-34.4187,19.2345,82.9,81,99,10.56
24,Port Alfred,ZA,2022-01-09 17:12:51,-33.5906,26.891,75.63,84,1,29.19
25,Mount Gambier,AU,2022-01-09 17:09:14,-37.8333,140.7667,52.99,93,17,5.57
26,Husavik,IS,2022-01-09 17:12:52,66.0449,-17.3389,35.24,85,44,10.56
27,Ancud,CL,2022-01-09 17:12:52,-41.8697,-73.8203,74.43,78,58,9.22
28,Pevek,RU,2022-01-09 17:12:54,69.7008,170.3133,-16.46,100,65,2.93
29,Georgetown,MY,2022-01-09 17:07:59,5.4112,100.3354,82.89,75,20,10.36
30,Galle,LK,2022-01-09 17:12:55,6.0367,80.217,78.3,84,100,10.31
31,Alofi,NU,2022-01-09 17:08:57,-19.0595,-169.9187,79.77,76,100,14.85
32,Victoria,HK,2022-01-09 17:10:12,22.2855,114.1577,64.45,79,17,1.99
33,Cape Town,ZA,2022-01-09 17:10:12,-33.9258,18.4232,78.35,64,100,1.01
34,Vostok,RU,2022-01-09 17:13:02,46.4856,135.8833,-18.71,98,78,4.38
35,Dingle,PH,2022-01-09 17:13:02,10.9995,122.6711,73.6,95,23,5.99
36,Sao Filipe,CV,2022-01-09 17:13:03,14.8961,-24.4956,74.21,61,99,6.89
37,Castro,BR,2022-01-09 17:13:03,-24.7911,-50.0119,65.8,73,100,8.28
38,Punta Arenas,CL,2022-01-09 17:13:04,-53.15,-70.9167,51.91,50,75,23.02
39,San Patricio,US,2022-01-09 17:13:05,28.017,-97.5169,78.66,82,74,5.7
40,Vardo,NO,2022-01-09 17:13:05,70.3705,31.1107,24.78,80,75,25.32
41,Flinders,AU,2022-01-09 17:13:06,-34.5833,150.8552,72.21,93,84,1.99
42,Puerto Ayora,EC,2022-01-09 17:13:07,-0.7393,-90.3518,80.56,80,63,7.09
43,Atuona,PF,2022-01-09 17:14:07,-9.8,-139.0333,78.55,75,67,20.2
44,Saint-Joseph,RE,2022-01-09 17:14:08,-21.3667,55.6167,79.18,82,69,8.34
45,Tebingtinggi,ID,2022-01-09 17:14:09,3.3285,99.1625,78.85,96,95,2.73
46,Boguchany,RU,2022-01-09 17:14:09,58.3814,97.4531,15.44,84,100,5.57
47,Hithadhoo,MV,2022-01-09 17:14:10,-0.6,73.0833,82.56,70,84,4.38
48,Lebu,CL,2022-01-09 17:14:10,-37.6167,-73.65,65.97,74,53,13.44
49,Dunhua,CN,2022-01-09 17:14:11,43.3725,128.2425,-3.71,96,9,3.13
50,Souillac,MU,2022-01-09 17:14:12,-20.5167,57.5167,78.37,81,96,5.48
51,Le Port,RE,2022-01-09 17:14:12,-20.9373,55.2919,80.6,82,49,4.29
52,Busselton,AU,2022-01-09 17:14:13,-33.65,115.3333,57.09,73,24,11.54
53,Kaeo,NZ,2022-01-09 17:14:14,-35.1,173.7833,64.33,94,100,2.86
54,Mar Del Plata,AR,2022-01-09 17:13:00,-38.0023,-57.5575,73.87,1,43,20.0
55,Mataura,NZ,2022-01-09 17:14:15,-46.1927,168.8643,57.47,99,98,2.1
56,Half Moon Bay,US,2022-01-09 17:14:15,37.4636,-122.4286,51.1,89,0,0.0
57,Kampot,KH,2022-01-09 17:14:16,10.6167,104.1833,75.69,70,14,4.29
58,Dikson,RU,2022-01-09 17:14:17,73.5069,80.5464,-6.95,97,100,13.65
59,Vaini,TO,2022-01-09 17:14:18,-21.2,-175.2,77.16,94,100,5.75
60,Hobart,AU,2022-01-09 17:14:18,-42.8794,147.3294,60.66,89,100,8.05
61,Vila Franca Do Campo,PT,2022-01-09 17:14:19,37.7167,-25.4333,61.21,62,57,10.74
62,Mao,ES,2022-01-09 17:10:12,39.8885,4.2658,54.16,76,20,5.75
63,Albany,US,2022-01-09 17:14:20,42.6001,-73.9662,35.67,89,100,1.01
64,Ouallam,NE,2022-01-09 17:14:20,14.3188,2.0866,81.27,7,2,9.73
65,Leh,IN,2022-01-09 17:14:21,34.1667,77.5833,11.25,85,90,4.99
66,East London,ZA,2022-01-09 17:14:22,-33.0153,27.9116,75.74,83,5,26.06
67,Laguna,US,2022-01-09 17:14:23,38.421,-121.4238,52.09,95,0,1.01
68,Qaanaaq,GL,2022-01-09 17:14:23,77.484,-69.3632,2.55,74,93,5.23
69,Coihaique,CL,2022-01-09 17:14:24,-45.5752,-72.0662,68.61,42,40,9.22
70,Assiniboia,CA,2022-01-09 17:14:25,49.6334,-105.9845,-12.53,88,92,3.4
71,Tuatapere,NZ,2022-01-09 17:14:26,-46.1333,167.6833,57.81,97,91,1.28
72,Kodiak,US,2022-01-09 17:14:27,57.79,-152.4072,31.51,69,100,13.8
73,Whithorn,JM,2022-01-09 17:14:27,18.2604,-78.0378,80.44,50,45,3.38
74,Manokwari,ID,2022-01-09 17:14:28,-0.8667,134.0833,77.18,84,100,2.77
75,Catuday,PH,2022-01-09 17:14:29,16.2923,119.8062,76.68,76,72,10.07
76,Bilma,NE,2022-01-09 17:14:30,18.6853,12.9164,61.05,15,3,11.95
77,Cordoba,AR,2022-01-09 17:10:15,-31.4135,-64.1811,96.76,25,0,3.0
78,Gisborne,NZ,2022-01-09 17:14:31,-38.6533,178.0042,62.94,85,98,7.43
79,Kuminskiy,RU,2022-01-09 17:14:32,58.6667,66.5667,2.91,92,7,7.87
80,Airai,TL,2022-01-09 17:14:32,-8.9266,125.4092,61.18,92,87,1.3
81,Bahia Honda,CU,2022-01-09 17:14:33,22.9036,-83.1592,80.53,61,100,10.58
82,Ribeira Grande,PT,2022-01-09 17:14:35,38.5167,-28.7,63.0,67,75,13.8
83,Komsomolskiy,UZ,2022-01-09 17:14:35,40.4272,71.7189,39.92,70,75,0.0
84,Port Moresby,PG,2022-01-09 17:14:36,-9.4431,147.1797,75.97,87,100,4.79
85,Bastia,FR,2022-01-09 17:14:36,42.6667,9.3333,53.4,62,40,13.0
86,Ponazyrevo,RU,2022-01-09 17:14:37,58.3578,46.3142,20.55,92,100,10.98
87,Ponta Do Sol,PT,2022-01-09 17:14:38,32.6667,-17.1,69.71,71,98,9.89
88,Torbay,CA,2022-01-09 17:14:38,47.6666,-52.7314,25.57,65,70,7.0
89,Kruisfontein,ZA,2022-01-09 17:14:39,-34.0033,24.7314,81.88,68,0,12.73
90,Kapaa,US,2022-01-09 17:14:40,22.0752,-159.319,66.18,94,100,5.75
91,Fairmont,US,2022-01-09 17:15:17,39.4851,-80.1426,46.78,96,100,5.01
92,Thompson,CA,2022-01-09 17:15:20,55.7435,-97.8558,-23.64,69,0,14.97
93,Hasaki,JP,2022-01-09 17:15:41,35.7333,140.8333,43.2,68,100,17.92
94,Imbituba,BR,2022-01-09 17:15:42,-28.24,-48.6703,69.69,58,100,10.25
95,Bengkulu,ID,2022-01-09 17:15:42,-3.8004,102.2655,76.57,89,99,2.26
96,Bahia Blanca,AR,2022-01-09 17:15:43,-38.7196,-62.2724,97.34,18,76,8.59
97,Menemen,TR,2022-01-09 17:15:43,38.6075,27.0694,55.22,71,75,5.75
98,Camacha,PT,2022-01-09 17:15:44,33.0833,-16.3333,63.54,77,40,13.8
99,Chuy,UY,2022-01-09 17:15:44,-33.6971,-53.4616,81.54,46,3,18.3
100,Codrington,AU,2022-01-09 17:15:45,-38.2667,141.9667,54.36,93,21,7.29
101,Saldanha,ZA,2022-01-09 17:15:46,-33.0117,17.9442,68.27,80,100,13.78
102,Ternate,ID,2022-01-09 17:15:46,0.8,127.4,80.2,84,95,5.82
103,Faanui,PF,2022-01-09 17:15:47,-16.4833,-151.75,79.99,77,67,3.89
104,Kalmunai,LK,2022-01-09 17:15:47,7.4167,81.8167,76.93,86,100,5.48
105,Kavieng,PG,2022-01-09 17:15:48,-2.5744,150.7967,81.27,76,100,7.76
106,Kaitangata,NZ,2022-01-09 17:15:48,-46.2817,169.8464,55.72,98,96,2.06
107,Broome,US,2022-01-09 17:15:49,42.2506,-75.833,36.19,79,100,4.0
108,Montecristo,CO,2022-01-09 17:15:50,8.2971,-74.4733,89.55,52,72,2.86
109,Suntar,RU,2022-01-09 17:15:50,62.1444,117.6319,-31.77,98,9,4.41
110,Saskylakh,RU,2022-01-09 17:15:51,71.9167,114.0833,2.93,90,100,13.8
111,Esmeralda,CU,2022-01-09 17:15:52,21.8525,-78.1169,85.24,52,85,16.15
112,Sitka,US,2022-01-09 17:15:52,57.0531,-135.33,40.89,75,100,32.21
113,Geraldton,AU,2022-01-09 17:15:53,-28.7667,114.6,64.81,72,0,17.27
114,Marathon,US,2022-01-09 17:15:53,44.9,-89.7668,3.15,66,0,1.01
115,Carnarvon,AU,2022-01-09 17:15:54,-24.8667,113.6333,73.47,73,0,19.57
116,Namibe,AO,2022-01-09 17:15:54,-15.1961,12.1522,70.88,72,76,12.97
117,Central Point,US,2022-01-09 17:13:22,42.376,-122.9164,45.9,95,100,0.0
118,Uruzgan,AF,2022-01-09 17:15:55,32.8333,66.0,35.6,49,0,2.33
119,Shelburne,CA,2022-01-09 17:15:56,44.0787,-80.2041,33.69,91,98,21.59
120,Antalaha,MG,2022-01-09 17:15:56,-14.9003,50.2788,76.75,90,100,6.78
121,Taklisah,TN,2022-01-09 17:15:57,36.7833,10.6333,50.74,62,100,19.08
122,Aykhal,RU,2022-01-09 17:15:57,66.0,111.5,0.41,74,100,27.29
123,Alice Springs,AU,2022-01-09 17:15:58,-23.7,133.8833,76.55,20,1,6.91
124,Zion,US,2022-01-09 17:15:58,42.4461,-87.8328,21.02,46,0,11.5
125,Tura,IN,2022-01-09 17:15:59,25.5198,90.2201,62.08,60,82,1.9
126,Avera,US,2022-01-09 17:15:59,33.194,-82.5271,60.71,77,80,8.05
127,Upernavik,GL,2022-01-09 17:14:28,72.7868,-56.1549,-0.33,100,100,11.79
128,Severo-Kurilsk,RU,2022-01-09 17:16:00,50.6789,156.125,27.21,84,64,7.4
129,Hirara,JP,2022-01-09 17:16:00,24.8,125.2833,68.05,75,98,20.22
130,Saint-Denis,FR,2022-01-09 17:16:01,48.9167,2.3333,43.11,90,0,3.0
131,Asau,RO,2022-01-09 17:16:03,46.4333,26.4,39.76,92,100,2.59
132,Norman Wells,CA,2022-01-09 17:16:04,65.282,-126.8329,-34.56,67,20,2.3
133,Marsh Harbour,BS,2022-01-09 17:16:05,26.5412,-77.0636,75.15,62,67,18.41
134,Teya,RU,2022-01-09 17:17:14,60.3778,92.6267,23.9,97,100,4.61
135,Lorengau,PG,2022-01-09 17:17:15,-2.0226,147.2712,80.37,79,100,7.31
136,Cedar City,US,2022-01-09 17:17:16,37.6775,-113.0619,32.4,56,0,0.0
137,Port Elizabeth,ZA,2022-01-09 17:17:16,-33.918,25.5701,83.1,83,20,4.61
138,Bani,DO,2022-01-09 17:17:17,18.2833,-70.3333,84.74,50,74,14.72
139,Ichihara,JP,2022-01-09 17:17:17,35.5167,140.0833,49.03,72,100,12.68
140,Luderitz,NA,2022-01-09 17:17:18,-26.6481,15.1594,68.97,78,18,9.95
141,Linjiang,CN,2022-01-09 17:17:18,41.8069,126.9078,7.14,96,89,0.94
142,Ketchikan,US,2022-01-09 17:17:19,55.3422,-131.6461,44.58,93,100,19.57
143,Beysehir,TR,2022-01-09 17:17:19,37.6773,31.7246,43.54,68,89,6.67
144,Katsuura,JP,2022-01-09 17:17:20,35.1333,140.3,48.31,72,100,15.7
145,Hualmay,PE,2022-01-09 17:17:21,-11.0964,-77.6139,76.15,68,18,10.33
146,Mwingi,KE,2022-01-09 17:17:22,-0.9344,38.0601,67.6,82,26,0.83
147,Miragoane,HT,2022-01-09 17:17:23,18.4423,-73.0876,79.02,64,74,7.02
148,Portland,US,2022-01-09 17:14:24,45.5234,-122.6762,45.19,85,40,14.0
149,Otradnoye,RU,2022-01-09 17:17:24,59.7775,30.8181,24.85,98,98,3.31
150,Khatanga,RU,2022-01-09 17:17:25,71.9667,102.5,-20.56,100,61,3.15
151,Saint George,US,2022-01-09 17:17:26,37.1041,-113.5841,48.67,55,0,1.99
152,Quatre Cocos,MU,2022-01-09 17:17:26,-20.2078,57.7625,78.91,78,83,5.06
153,Vila Velha,BR,2022-01-09 17:17:27,-20.3297,-40.2925,75.94,94,75,6.91
154,Santiago Del Estero,AR,2022-01-09 17:18:08,-27.7951,-64.2615,98.8,16,26,9.1
155,Grand Gaube,MU,2022-01-09 17:18:08,-20.0064,57.6608,79.2,85,87,6.82
156,Chernyshevskiy,RU,2022-01-09 17:18:09,63.0128,112.4714,-21.39,91,52,5.39
157,Ilesha,NG,2022-01-09 17:18:10,7.1371,5.2583,92.57,21,55,1.81
158,Villazon,BO,2022-01-09 17:18:11,-22.0866,-65.5942,62.29,49,99,9.73
159,Nouakchott,MR,2022-01-09 17:18:11,18.0858,-15.9785,76.93,24,100,9.55
160,Clarence Town,AU,2022-01-09 17:18:12,-32.5833,151.7833,74.8,98,18,2.86
161,Cherskiy,RU,2022-01-09 17:18:13,68.75,161.3,-25.26,100,95,2.64
162,Bluff,NZ,2022-01-09 17:18:14,-46.6,168.3333,57.79,97,100,6.6
163,Galesong,ID,2022-01-09 17:18:15,-5.3166,119.3661,77.02,82,73,5.44
164,Ostersund,SE,2022-01-09 17:18:16,63.1792,14.6357,0.41,100,87,1.77
165,Burnie,AU,2022-01-09 17:18:16,-41.0667,145.9167,62.94,98,100,5.55
166,Cayenne,GF,2022-01-09 17:18:02,4.9333,-52.3333,82.09,74,100,5.75
167,Cananeia,BR,2022-01-09 17:18:17,-25.0147,-47.9267,76.06,63,100,7.16
168,Comodoro Rivadavia,AR,2022-01-09 17:18:18,-45.8667,-67.5,69.66,32,0,12.66
169,Aksarka,RU,2022-01-09 17:18:18,66.5606,67.7975,2.17,90,99,9.89
170,Rawson,AR,2022-01-09 17:17:21,-43.3002,-65.1023,76.06,47,0,19.84
171,Svetlaya,RU,2022-01-09 17:18:19,46.5389,138.3297,8.01,71,11,7.14
172,Yumen,CN,2022-01-09 17:18:20,40.2833,97.2,20.68,50,0,3.53
173,Isangel,VU,2022-01-09 17:18:20,-19.55,169.2667,79.81,81,37,15.7
174,Chibuto,MZ,2022-01-09 17:18:21,-24.6867,33.5306,74.46,79,63,8.52
175,Wufeng,CN,2022-01-09 17:18:22,27.45,104.8333,36.82,95,100,3.85
176,Ariguani,CO,2022-01-09 17:18:23,10.25,-74.0,93.43,31,12,4.88
177,Finschhafen,PG,2022-01-09 17:18:23,-6.6024,147.8681,78.75,82,100,7.18
178,Te Anau,NZ,2022-01-09 17:19:24,-45.4167,167.7167,55.31,92,74,0.92
179,Deputatskiy,RU,2022-01-09 17:19:25,69.3,139.9,-27.15,92,14,5.97
180,Bethel,US,2022-01-09 17:19:25,41.3712,-73.414,41.36,70,75,5.01
181,Del Rio,US,2022-01-09 17:17:43,29.3627,-100.8968,66.31,43,0,11.5
182,San Andres,CO,2022-01-09 17:19:26,12.5847,-81.7006,84.22,70,20,14.97
183,Rioja,AR,2022-01-09 17:19:26,-29.4111,-66.8507,94.84,24,1,5.19
184,Moberly,US,2022-01-09 17:19:27,39.4184,-92.4382,28.44,54,0,12.66
185,Tuktoyaktuk,CA,2022-01-09 17:19:28,69.4541,-133.0374,-18.4,69,100,13.8
186,Saint-Philippe,RE,2022-01-09 17:19:28,-21.3585,55.7679,80.19,81,70,8.19
187,Hovd,MN,2022-01-09 17:19:29,48.0056,91.6419,0.91,91,92,2.48
188,Cidreira,BR,2022-01-09 17:19:29,-30.1811,-50.2056,75.96,61,34,16.67
189,Iqaluit,CA,2022-01-09 17:19:30,63.7506,-68.5145,-22.27,67,40,4.0
190,Saraland,US,2022-01-09 17:19:31,30.8207,-88.0706,76.21,89,83,11.25
191,Clyde River,CA,2022-01-09 17:18:28,70.4692,-68.5914,-7.37,77,100,26.46
192,Avarua,CK,2022-01-09 17:19:32,-21.2078,-159.775,78.85,89,20,5.75
193,Shingu,JP,2022-01-09 17:19:32,33.7333,135.9833,43.27,72,100,6.31
194,Vestmannaeyjar,IS,2022-01-09 17:19:33,63.4427,-20.2734,43.79,93,75,43.73
195,Tiksi,RU,2022-01-09 17:19:34,71.6872,128.8694,-17.99,91,68,9.62
196,Kahului,US,2022-01-09 17:19:34,20.8947,-156.47,70.84,77,0,6.91
197,Sorong,ID,2022-01-09 17:19:35,-0.8833,131.25,79.72,84,100,7.85
198,Ciudad Bolivar,VE,2022-01-09 17:19:35,8.1222,-63.5497,89.1,32,51,9.73
199,Belyy Yar,RU,2022-01-09 17:19:36,53.6039,91.3903,6.69,83,100,0.0
200,Yermakovskoye,RU,2022-01-09 17:19:37,53.2831,92.4003,6.3,95,100,1.36
201,Mackay,AU,2022-01-09 17:15:20,-21.15,149.2,77.68,76,83,13.09
202,Yellowknife,CA,2022-01-09 17:19:38,62.456,-114.3525,-25.71,76,20,9.22
203,Chegdomyn,RU,2022-01-09 17:19:38,51.1167,133.0167,-21.24,99,98,1.57
204,Mahebourg,MU,2022-01-09 17:19:39,-20.4081,57.7,79.09,78,75,2.3
205,Lamu,KE,2022-01-09 17:19:40,-2.2717,40.902,80.82,80,24,15.99
206,Tasiilaq,GL,2022-01-09 17:19:40,65.6145,-37.6368,32.16,85,100,47.49
207,Tres Arroyos,AR,2022-01-09 17:19:41,-38.3739,-60.2798,96.48,15,60,12.15
208,West Bay,KY,2022-01-09 17:19:41,19.3667,-81.4167,84.06,73,20,1.99
209,Nadym,RU,2022-01-09 17:19:42,65.5333,72.5167,-17.23,98,53,9.22
210,Shimanovsk,RU,2022-01-09 17:19:43,52.0,127.7,-16.44,97,40,4.74
211,Muzhi,RU,2022-01-09 17:19:43,65.3667,64.6667,3.24,82,76,9.78
212,Lavrentiya,RU,2022-01-09 17:19:44,65.5833,-171.0,-12.48,80,1,5.84
213,Pingliang,CN,2022-01-09 17:19:45,35.5392,106.6861,29.57,51,100,15.08
214,Ugoofaaru,MV,2022-01-09 17:19:47,5.6667,73.0,81.86,71,68,10.09
215,Touros,BR,2022-01-09 17:19:48,-5.1989,-35.4608,90.5,58,52,14.99
216,Kavaratti,IN,2022-01-09 17:19:49,10.5669,72.642,79.84,67,0,9.28
217,Selma,US,2022-01-09 17:19:50,36.5708,-119.6121,48.9,67,0,0.54
218,Waingapu,ID,2022-01-09 17:19:51,-9.6567,120.2641,77.11,86,99,4.94
219,Saint-Pierre,RE,2022-01-09 17:19:51,-21.3393,55.4781,80.28,84,75,9.22
220,Manama,BH,2022-01-09 17:17:26,26.2154,50.5832,64.38,63,0,1.14
221,Port Augusta,AU,2022-01-09 17:19:21,-32.5,137.7667,76.71,32,1,5.14
222,Nalhati,IN,2022-01-09 17:19:53,24.3,87.8167,67.17,58,11,3.6
223,Aklavik,CA,2022-01-09 17:20:53,68.2191,-135.0107,-26.57,75,20,2.3
224,Provideniya,RU,2022-01-09 17:20:54,64.3833,-173.3,0.73,66,0,10.29
225,Karratha,AU,2022-01-09 17:20:54,-20.7377,116.8463,82.62,68,0,13.38
226,Maryborough,AU,2022-01-09 17:20:55,-25.5333,152.7,72.1,92,3,4.45
227,Takoradi,GH,2022-01-09 17:20:55,4.8845,-1.7554,84.7,66,20,9.35
228,Coquimbo,CL,2022-01-09 17:20:56,-29.9533,-71.3436,71.33,56,0,13.8
229,Westport,US,2022-01-09 17:20:56,41.1415,-73.3579,42.75,71,100,1.01
230,Port Macquarie,AU,2022-01-09 17:17:46,-31.4333,152.9167,69.89,88,42,7.11
231,Wenling,CN,2022-01-09 17:20:59,28.3669,121.36,44.55,89,60,7.0
232,Emerald,AU,2022-01-09 17:20:21,-23.5333,148.1667,76.33,83,6,14.72
233,Longyearbyen,SJ,2022-01-09 17:21:00,78.2186,15.6401,24.64,93,75,4.61
234,Ayan,RU,2022-01-09 17:21:00,56.45,138.1667,-9.45,77,56,13.82
235,Kloulklubed,PW,2022-01-09 17:21:01,7.0419,134.2556,75.7,74,100,10.33
236,San Juan Bautista,PE,2022-01-09 17:21:01,-14.0108,-75.7358,75.83,43,7,5.64
237,Sioux Lookout,CA,2022-01-09 17:21:03,50.1001,-91.917,-12.62,64,40,13.8
238,Ambilobe,MG,2022-01-09 17:21:04,-13.2,49.05,77.32,88,100,2.21
239,Panaba,MX,2022-01-09 17:21:04,21.2833,-88.2667,84.16,56,97,13.91
240,Meulaboh,ID,2022-01-09 17:21:05,4.1363,96.1285,76.91,87,100,3.15
241,Yuli,NG,2022-01-09 17:21:05,9.6989,10.2744,87.73,16,32,5.59
242,Montepuez,MZ,2022-01-09 17:21:06,-13.1256,38.9997,71.02,92,100,0.85
243,Severodvinsk,RU,2022-01-09 17:21:07,64.5635,39.8302,0.1,95,99,7.61
244,Billings,US,2022-01-09 17:21:08,45.7833,-108.5007,28.29,58,20,13.8
245,Polunochnoye,RU,2022-01-09 17:21:08,60.8697,60.4153,5.9,80,86,8.23
246,Bambous Virieux,MU,2022-01-09 17:21:09,-20.3428,57.7575,79.05,78,75,2.3
247,Am Timan,TD,2022-01-09 17:21:09,11.0297,20.2827,88.45,18,59,6.02
248,Tazovskiy,RU,2022-01-09 17:21:10,67.4667,78.7,-5.4,97,99,7.56
249,Samarai,PG,2022-01-09 17:21:10,-10.6167,150.6667,79.25,84,100,10.69
250,Paita,PE,2022-01-09 17:21:11,-5.0892,-81.1144,82.96,66,86,11.56
251,Mitzic,GA,2022-01-09 17:21:13,0.7821,11.549,80.13,68,78,4.88
252,Carupano,VE,2022-01-09 17:21:13,10.6678,-63.2585,79.48,69,41,10.11
253,Jamestown,US,2022-01-09 17:21:14,42.097,-79.2353,41.09,69,100,11.01
254,Ahuimanu,US,2022-01-09 17:21:14,21.4447,-157.8378,67.78,90,20,0.0
255,Saint-Augustin,CA,2022-01-09 17:21:15,51.226,-58.6502,12.24,83,73,7.81
256,Narsaq,GL,2022-01-09 17:21:15,60.9167,-46.05,16.02,92,100,1.99
257,Salinopolis,BR,2022-01-09 17:17:14,-0.6136,-47.3561,82.89,70,93,5.14
258,Torrington,US,2022-01-09 17:17:04,41.8007,-73.1212,40.17,80,100,4.0
259,Port Hardy,CA,2022-01-09 17:21:17,50.6996,-127.4199,47.75,81,75,23.02
260,Port Dickson,MY,2022-01-09 17:18:11,2.5228,101.7959,80.82,84,66,6.08
261,Den Helder,NL,2022-01-09 17:21:18,52.9599,4.7593,44.58,82,75,10.0
262,Koutiala,ML,2022-01-09 17:21:19,12.3917,-5.4642,87.78,9,8,9.69
263,Valparaiso,CL,2022-01-09 17:21:19,-33.0393,-71.6273,71.24,62,0,10.36
264,Menongue,AO,2022-01-09 17:21:20,-14.6585,17.691,64.29,94,100,4.56
265,Mareeba,AU,2022-01-09 17:21:20,-17.0,145.4333,73.44,95,98,2.46
266,Moscow,RU,2022-01-09 17:17:35,55.7522,37.6156,19.92,96,100,7.05
267,Toamasina,MG,2022-01-09 17:21:21,-18.1667,49.3833,77.0,94,75,4.61
268,Kattivakkam,IN,2022-01-09 17:21:21,13.2167,80.3167,80.69,82,59,6.4
269,Erzin,TR,2022-01-09 17:22:22,36.9559,36.2,56.12,72,58,9.62
270,Panalingaan,PH,2022-01-09 17:22:22,8.7842,117.4231,78.01,86,42,4.72
271,Cockburn Town,TC,2022-01-09 17:19:38,21.4612,-71.1419,82.36,74,40,16.11
272,Dumas,US,2022-01-09 17:22:23,35.8656,-101.9732,35.02,43,0,13.8
273,Humboldt,US,2022-01-09 17:22:24,40.6665,-123.9178,38.12,59,4,5.7
274,Doka,SD,2022-01-09 17:22:24,13.5167,35.7667,86.86,19,48,6.4
275,Lazaro Cardenas,MX,2022-01-09 17:22:25,17.9583,-102.2,83.66,48,49,1.43
276,Lima,PE,2022-01-09 17:22:25,-12.0432,-77.0282,77.25,61,0,13.8
277,Sabang,ID,2022-01-09 17:22:26,5.8933,95.3214,81.66,77,96,13.94
278,Itupiranga,BR,2022-01-09 17:22:27,-5.1347,-49.3267,84.52,98,100,4.41
279,Nhulunbuy,AU,2022-01-09 17:22:27,-12.2333,136.7667,83.01,89,100,11.5
280,Broken Hill,AU,2022-01-09 17:19:16,-31.95,141.4333,76.95,32,0,7.83
281,Fortuna,US,2022-01-09 17:22:29,40.5982,-124.1573,46.92,86,0,8.01
282,Bubaque,GW,2022-01-09 17:22:29,11.2833,-15.8333,80.83,54,53,9.26
283,Kindu,CD,2022-01-09 17:22:30,-2.95,25.95,74.97,91,92,1.28
284,Caxito,AO,2022-01-09 17:22:30,-8.5785,13.6643,79.45,76,92,7.18
285,Inuvik,CA,2022-01-09 17:22:31,68.3499,-133.7218,-26.54,75,40,4.61
286,Jhunjhunun,IN,2022-01-09 17:22:32,28.1307,75.4014,54.63,64,0,6.96
287,Kudat,MY,2022-01-09 17:22:32,6.8837,116.8477,80.53,83,20,3.44
288,Martinho Campos,BR,2022-01-09 17:22:33,-19.3317,-45.2369,68.16,98,100,3.09
289,Farmington,US,2022-01-09 17:22:33,36.7281,-108.2187,37.71,69,0,4.61
290,Abnub,EG,2022-01-09 17:22:34,27.2696,31.1511,57.42,38,100,7.14
291,Muroto,JP,2022-01-09 17:22:34,33.2833,134.15,51.49,61,98,7.72
292,La Ronge,CA,2022-01-09 17:22:35,55.1001,-105.2842,-19.95,63,0,9.22
293,Vao,NC,2022-01-09 17:22:35,-22.6667,167.4833,77.18,83,3,24.7
294,Ulverstone,AU,2022-01-09 17:22:36,-41.15,146.1667,63.21,94,100,4.16
295,Mountain Home,US,2022-01-09 17:22:36,43.133,-115.6912,27.34,100,0,20.71
296,Xuanhua,CN,2022-01-09 17:22:37,40.6103,115.0447,22.08,53,61,8.01
297,Ust-Tsilma,RU,2022-01-09 17:22:37,65.441,52.1498,3.09,91,99,8.55
298,Bac Lieu,VN,2022-01-09 17:22:38,9.285,105.7244,76.08,83,14,11.95
299,Horsham,GB,2022-01-09 17:22:38,51.064,-0.3272,44.49,84,40,4.61
300,Bumba,CD,2022-01-09 17:22:39,2.1833,22.4667,85.8,42,100,1.03
301,Berezovyy,RU,2022-01-09 17:22:39,51.6667,135.7,-12.15,98,59,3.29
302,Henties Bay,NA,2022-01-09 17:22:40,-22.116,14.2845,68.86,83,97,5.99
303,Visnes,NO,2022-01-09 17:22:40,59.3556,5.2242,39.58,56,40,6.91
304,Cajati,BR,2022-01-09 17:22:41,-24.7361,-48.1228,70.52,93,100,1.25
305,Yovon,TJ,2022-01-09 17:22:41,38.3141,69.0378,38.88,55,0,4.63
306,Sulphur Springs,US,2022-01-09 17:22:42,33.1385,-95.6011,65.91,93,100,20.71
307,Daru,PG,2022-01-09 17:22:43,-9.0763,143.2092,77.54,88,100,11.1
308,Atasu,KZ,2022-01-09 17:22:43,48.6814,71.6433,-1.7,99,61,5.61
309,Maarianhamina,AX,2022-01-09 17:22:44,60.0973,19.9348,26.46,100,100,6.91
310,Evensk,RU,2022-01-09 17:22:44,61.95,159.2333,7.95,78,10,8.37
311,Nouadhibou,MR,2022-01-09 17:22:45,20.931,-17.0347,71.58,46,90,6.91
312,Roald,NO,2022-01-09 17:22:45,62.5833,6.1333,34.32,60,0,13.8
313,Beloha,MG,2022-01-09 17:22:46,-25.1667,45.05,76.73,75,85,19.1
314,Dzhebariki-Khaya,RU,2022-01-09 17:22:46,62.2167,135.8,-39.91,99,92,0.85
315,Shenjiamen,CN,2022-01-09 17:22:47,29.9576,122.298,44.98,72,40,11.07
316,Harrismith,ZA,2022-01-09 17:22:47,-28.2728,29.1295,61.36,85,65,2.73
317,Riosucio,CO,2022-01-09 17:23:48,5.4216,-75.7032,70.23,72,89,0.31
318,Cootamundra,AU,2022-01-09 17:23:49,-34.65,148.0333,68.95,77,0,11.14
319,Vagur,FO,2022-01-09 17:23:49,61.4732,-6.8119,41.2,92,100,30.71
320,Flin Flon,CA,2022-01-09 17:21:29,54.7682,-101.865,-20.36,63,0,10.36
321,Cachoeira,BR,2022-01-09 17:23:50,-12.6183,-38.9558,90.66,45,99,5.21
322,Bilibino,RU,2022-01-09 17:23:51,68.0546,166.4372,-13.83,98,37,2.91
323,Altoona,US,2022-01-09 17:22:51,40.5187,-78.3947,44.85,91,100,11.68
324,Shaunavon,CA,2022-01-09 17:19:54,49.6501,-108.4181,-6.59,95,61,2.64
325,Zhigansk,RU,2022-01-09 17:23:52,66.7697,123.3711,-33.21,96,71,18.05
326,Santa Vitoria Do Palmar,BR,2022-01-09 17:19:23,-33.5189,-53.3681,81.91,44,2,17.29
327,Talnakh,RU,2022-01-09 17:23:53,69.4865,88.3972,2.21,96,100,5.93
328,Miranda,CO,2022-01-09 17:23:54,3.2499,-76.2281,81.64,73,91,2.57
329,Mozarlandia,BR,2022-01-09 17:23:55,-14.7447,-50.5706,79.14,86,98,10.27
330,Almeirim,BR,2022-01-09 17:23:55,-1.5233,-52.5817,75.97,88,100,3.15
331,Mehamn,NO,2022-01-09 17:23:56,71.0357,27.8492,26.78,59,75,12.66
332,Christchurch,NZ,2022-01-09 17:23:57,-43.5333,172.6333,64.94,74,91,1.99
333,Richards Bay,ZA,2022-01-09 17:23:57,-28.783,32.0377,75.22,75,53,11.21
334,Thunder Bay,CA,2022-01-09 17:20:48,48.4001,-89.3168,0.55,63,20,21.85
335,Lata,PT,2022-01-09 17:23:58,40.1629,-8.3327,56.05,96,100,4.43
336,Coahuayana,MX,2022-01-09 17:23:59,18.7333,-103.6833,87.28,36,48,1.83
337,Orlik,RU,2022-01-09 17:24:00,52.5178,99.825,-17.55,83,12,2.62
338,Shikarpur,PK,2022-01-09 17:24:00,27.9571,68.6379,49.89,52,0,3.11
339,Poum,NC,2022-01-09 17:21:19,-20.2333,164.0167,80.78,78,3,15.1
340,Progreso,MX,2022-01-09 17:24:02,21.2833,-89.6667,86.11,58,52,10.25
341,Sangmelima,CM,2022-01-09 17:24:02,2.9333,11.9833,84.58,39,94,2.91
342,Mazamari,PE,2022-01-09 17:24:03,-11.3258,-74.5308,71.49,98,99,0.76
343,Naryan-Mar,RU,2022-01-09 17:24:04,67.6713,53.087,5.04,95,97,14.09
344,Fort Nelson,CA,2022-01-09 17:21:24,58.8053,-122.7002,-26.01,75,100,2.3
345,Aleksandrov Gay,RU,2022-01-09 17:24:04,50.147,48.5704,17.8,85,87,11.7
346,Yerbogachen,RU,2022-01-09 17:24:05,61.2767,108.0108,-9.35,81,77,9.62
347,Odweyne,SO,2022-01-09 17:24:05,9.4092,45.064,69.26,54,14,11.65
348,Santa Maria,BR,2022-01-09 17:24:06,-29.6842,-53.8069,83.5,42,0,12.66
349,Presidente Medici,BR,2022-01-09 17:24:06,-11.1753,-61.9014,79.27,82,100,9.19
350,General Bravo,MX,2022-01-09 17:24:07,25.8,-99.1667,75.45,66,10,6.55
351,Pingxiang,CN,2022-01-09 17:24:07,27.6167,113.85,45.73,91,100,2.75
352,Constitucion,CL,2022-01-09 17:24:08,-35.3333,-72.4167,68.77,67,87,8.01
353,Aksum,ET,2022-01-09 17:24:08,14.1245,38.7244,60.37,67,94,7.9
354,Kargopol,RU,2022-01-09 17:24:09,61.5071,38.9456,14.94,96,100,5.08
355,Barabinsk,RU,2022-01-09 17:24:10,55.3571,78.357,11.08,93,91,11.65
356,Cabadiangan,PH,2022-01-09 17:24:10,9.7531,122.4739,75.79,92,35,5.23
357,Yulara,AU,2022-01-09 17:24:11,-25.2406,130.9889,89.44,13,27,16.11
358,Labuhan,ID,2022-01-09 17:24:11,-6.8844,112.2051,79.75,82,100,5.5
359,Kenai,US,2022-01-09 17:24:12,60.5544,-151.2583,10.49,56,0,16.11
360,Clearwater,US,2022-01-09 17:24:13,27.9659,-82.8001,81.91,65,0,5.99
361,Fairbanks,US,2022-01-09 17:24:13,64.8378,-147.7164,-16.6,69,0,8.05
362,Tilichiki,RU,2022-01-09 17:25:14,60.4667,166.1,-4.65,90,44,7.23
363,Nelson Bay,AU,2022-01-09 17:25:15,-32.7167,152.15,73.96,90,2,13.11
364,Knysna,ZA,2022-01-09 17:25:15,-34.0363,23.0471,70.18,63,40,4.27
365,Neiafu,TO,2022-01-09 17:25:16,-18.65,-173.9833,77.68,88,75,0.0
366,Ostrovnoy,RU,2022-01-09 17:25:16,68.0531,39.5131,22.89,81,100,19.84
367,Terra Santa,BR,2022-01-09 17:25:17,-2.1042,-56.4869,86.76,57,98,2.01
368,Batemans Bay,AU,2022-01-09 17:25:17,-35.7167,150.1833,73.2,95,77,2.77
369,Alihe,CN,2022-01-09 17:25:18,50.5667,123.7167,-4.13,95,99,2.21
370,Bandarbeyla,SO,2022-01-09 17:25:19,9.4942,50.8122,76.35,69,8,19.8
371,Hirtshals,DK,2022-01-09 17:25:19,57.5881,9.9592,34.86,97,100,20.94
372,Surt,LY,2022-01-09 17:25:20,31.2089,16.5887,59.29,60,77,28.43
373,Mangan,IN,2022-01-09 17:25:21,27.5167,88.5333,55.98,74,100,2.71
374,Log,RU,2022-01-09 17:25:21,49.4844,43.8613,24.06,77,100,15.19
375,Buala,SB,2022-01-09 17:25:22,-8.145,159.5921,79.25,86,48,7.7
376,Barra Da Estiva,BR,2022-01-09 17:25:22,-13.6261,-41.3269,74.88,77,99,4.83
377,Azanka,RU,2022-01-09 17:25:23,58.0401,64.7893,2.73,91,17,7.65
378,Caravelas,BR,2022-01-09 17:25:23,-17.7125,-39.2481,81.0,85,100,8.1
379,Salina Cruz,MX,2022-01-09 17:25:24,16.1667,-95.2,85.01,56,14,2.73
380,Junction City,US,2022-01-09 17:25:24,39.0286,-96.8314,24.57,48,0,1.01
381,Anastacio,BR,2022-01-09 17:22:43,-20.4836,-55.8069,92.44,41,30,2.04
382,Nueve De Julio,AR,2022-01-09 17:25:25,-35.4444,-60.8831,97.79,15,53,9.62
383,Safut,JO,2022-01-09 17:25:26,32.0336,35.8332,52.12,76,100,6.91
384,Khash,IR,2022-01-09 17:25:27,28.2211,61.2158,44.69,40,0,4.61
385,Mbanza-Ngungu,CD,2022-01-09 17:25:28,-5.25,14.8667,72.36,93,100,4.47
386,Warri,NG,2022-01-09 17:25:28,5.5167,5.75,89.73,48,71,9.53
387,Utete,TZ,2022-01-09 17:25:29,-7.986,38.758,80.51,75,96,8.34
388,Alpena,US,2022-01-09 17:25:30,45.0617,-83.4327,21.94,77,100,11.01
389,Puerto Quijarro,BO,2022-01-09 17:25:30,-17.7833,-57.7667,98.37,32,20,5.12
390,Massa Marittima,IT,2022-01-09 17:25:31,43.049,10.8928,42.49,88,95,8.16
391,Kabo,CF,2022-01-09 17:25:31,7.6994,18.629,89.53,18,7,4.97
392,Santo Tomas,PH,2022-01-09 17:25:32,14.1079,121.1414,77.58,95,10,2.82
393,Bathsheba,BB,2022-01-09 17:25:33,13.2167,-59.5167,84.81,54,20,25.32
394,Majalgaon,IN,2022-01-09 17:25:34,19.15,76.2333,75.16,46,87,8.23
395,Nishihara,JP,2022-01-09 17:25:34,26.1842,127.7558,65.48,77,40,4.61
396,Bowen,AU,2022-01-09 17:25:35,-20.0167,148.2333,77.22,77,58,13.96
397,Port Blair,IN,2022-01-09 17:25:35,11.6667,92.75,79.21,71,34,8.84
398,Port Lincoln,AU,2022-01-09 17:25:36,-34.7333,135.8667,68.9,69,65,11.86
399,Raudeberg,NO,2022-01-09 17:25:37,61.9875,5.1352,36.27,59,8,7.92
400,Hay River,CA,2022-01-09 17:21:24,60.8156,-115.7999,-22.02,76,40,4.61
401,Dudinka,RU,2022-01-09 17:25:38,69.4058,86.1778,2.62,98,100,6.17
402,Valleyview,CA,2022-01-09 17:25:38,55.0667,-117.2859,-7.56,77,100,4.61
403,Sumenep,ID,2022-01-09 17:25:39,-7.0167,113.8667,77.58,88,100,6.89
404,Sangar,RU,2022-01-09 17:25:39,63.9242,127.4739,-45.35,98,73,2.89
405,Tessalit,ML,2022-01-09 17:25:40,20.1986,1.0114,72.05,11,52,10.71
406,Pangody,RU,2022-01-09 17:25:41,65.85,74.4859,-15.29,99,96,7.58
407,Port-Gentil,GA,2022-01-09 17:25:41,-0.7193,8.7815,82.36,83,75,10.36
408,Nanfeng,CN,2022-01-09 17:26:42,23.7434,111.7959,53.1,83,94,1.7
409,Werda,BW,2022-01-09 17:26:43,-25.2667,23.2833,87.08,28,90,10.98
410,Namikupa,TZ,2022-01-09 17:26:43,-10.8333,39.6,77.95,76,92,8.79
411,Cap Malheureux,MU,2022-01-09 17:26:44,-19.9842,57.6142,79.29,85,86,6.91
412,Tanete,ID,2022-01-09 17:26:44,-3.9443,119.7848,76.28,92,96,1.83
413,Manawar,IN,2022-01-09 17:26:45,22.2333,75.0833,63.36,36,0,8.37
414,Acapulco,MX,2022-01-09 17:22:36,16.8634,-99.8901,84.02,65,0,3.44
415,Andenes,NO,2022-01-09 17:26:46,69.3143,16.1194,21.18,79,40,9.22
416,Hoquiam,US,2022-01-09 17:26:47,46.9809,-123.8893,46.0,89,0,14.97
417,Olafsvik,IS,2022-01-09 17:26:47,64.8945,-23.7142,39.04,70,100,24.67
418,Kurchum,KZ,2022-01-09 17:26:48,48.5722,83.6542,7.7,96,93,1.07
419,Cabo San Lucas,MX,2022-01-09 17:25:37,22.8909,-109.9124,73.71,64,100,3.44
420,Savannah Bight,HN,2022-01-09 17:26:49,16.45,-85.85,86.05,75,24,17.02
421,Kaka,TM,2022-01-09 17:24:04,37.3482,59.6143,44.2,53,3,5.97
422,Levokumskoye,RU,2022-01-09 17:26:50,44.8219,44.6606,38.5,83,97,17.45
423,Rincon,US,2022-01-09 17:26:50,32.296,-81.2354,73.58,64,40,3.0
424,Wukari,NG,2022-01-09 17:26:51,7.85,9.7833,92.3,14,73,5.3
425,Olindina,BR,2022-01-09 17:26:52,-11.3667,-38.3333,93.51,29,100,10.63
426,Hofn,IS,2022-01-09 17:26:52,64.2539,-15.2082,41.76,84,93,10.56
427,Hami,CN,2022-01-09 17:26:53,42.8,93.45,25.14,44,0,2.8
428,Sai Buri,TH,2022-01-09 17:26:53,6.7013,101.6168,76.51,83,16,7.29
429,Abu Samrah,SY,2022-01-09 17:26:54,35.3029,37.1841,55.24,59,10,2.93
430,Klaksvik,FO,2022-01-09 17:26:54,62.2266,-6.589,41.92,80,92,25.43
431,Hamilton,US,2022-01-09 17:26:55,39.1834,-84.5333,46.11,92,100,3.0
432,Pacific Grove,US,2022-01-09 17:26:55,36.6177,-121.9166,54.52,78,0,1.01
433,Okhotsk,RU,2022-01-09 17:24:12,59.3833,143.3,4.73,76,100,15.52
434,Hit,IQ,2022-01-09 17:26:56,33.6416,42.8251,58.98,43,44,10.04
435,Fraga,ES,2022-01-09 17:26:57,41.5229,0.3489,53.53,69,49,32.08
436,Yangjiang,CN,2022-01-09 17:26:57,21.85,111.9667,62.46,74,59,4.83
437,Novovarshavka,RU,2022-01-09 17:26:58,54.1721,74.6946,7.18,90,73,11.92
438,Inhambane,MZ,2022-01-09 17:26:59,-23.865,35.3833,77.74,79,31,12.1
439,Ponta Delgada,PT,2022-01-09 17:26:59,37.7333,-25.6667,61.52,67,20,10.36
440,Chilca,PE,2022-01-09 17:27:00,-12.5211,-76.7372,78.96,74,11,7.96
441,Andrews,US,2022-01-09 17:27:00,32.3187,-102.5457,42.06,42,40,19.57
442,Beringovskiy,RU,2022-01-09 17:27:01,63.05,179.3167,-14.12,91,20,10.67
443,Tautira,PF,2022-01-09 17:27:01,-17.7333,-149.15,78.82,80,85,18.66
444,Leshukonskoye,RU,2022-01-09 17:27:01,64.8989,45.7622,2.97,95,100,7.9
445,Pisco,PE,2022-01-09 17:27:02,-13.7,-76.2167,80.65,61,0,13.8
446,Saint-Paul,RE,2022-01-09 17:27:02,-21.0096,55.2707,80.71,83,55,1.81
447,Stornoway,GB,2022-01-09 17:27:03,58.2093,-6.3865,40.93,94,40,0.0
448,Piacabucu,BR,2022-01-09 17:27:04,-10.4056,-36.4344,85.23,64,100,12.97
449,Manacapuru,BR,2022-01-09 17:27:05,-3.2997,-60.6206,84.78,71,99,3.47
450,Maceio,BR,2022-01-09 17:23:07,-9.6658,-35.7353,90.84,55,20,14.97
451,Sambava,MG,2022-01-09 17:27:06,-14.2667,50.1667,74.35,96,100,1.72
452,Necochea,AR,2022-01-09 17:26:23,-38.5473,-58.7368,91.04,25,17,9.62
453,Csavoly,HU,2022-01-09 17:27:07,46.1892,19.1467,29.1,91,100,6.46
454,Puerto Colombia,CO,2022-01-09 17:27:07,10.9878,-74.9547,89.69,68,27,15.43
455,Ukiah,US,2022-01-09 17:25:02,39.1502,-123.2078,50.38,66,0,4.23
456,Vila Praia De Ancora,PT,2022-01-09 17:28:09,41.811,-8.8526,58.48,97,100,8.95
457,Zyryanka,RU,2022-01-09 17:28:09,65.75,150.85,-6.79,95,100,6.17
458,San Jose,US,2022-01-09 17:26:10,37.3394,-121.895,52.74,83,20,0.0
459,Santa Ana,US,2022-01-09 17:27:35,33.7456,-117.8678,67.41,67,20,0.0
460,Lamtah,TN,2022-01-09 17:28:10,35.6667,10.8833,56.97,62,40,14.97
461,Grand Forks,US,2022-01-09 17:28:11,47.9417,-97.4337,-7.67,59,75,14.97
462,Tholey,DE,2022-01-09 17:28:11,49.4837,7.0369,37.02,82,66,1.95
463,Mtwara,TZ,2022-01-09 17:28:12,-10.2667,40.1833,82.33,77,82,13.4
464,Consuegra,ES,2022-01-09 17:28:12,39.4625,-3.608,48.02,73,24,12.91
465,Orocue,CO,2022-01-09 17:28:13,4.7912,-71.3354,93.2,31,33,14.74
466,San Cristobal,VE,2022-01-09 17:28:13,7.7669,-72.225,68.18,60,91,2.77
467,Batagay,RU,2022-01-09 17:28:14,67.6333,134.6333,-30.6,99,29,3.98
468,Sosnovo-Ozerskoye,RU,2022-01-09 17:28:14,52.5249,111.5418,-25.13,100,21,2.3
469,Qasigiannguit,GL,2022-01-09 17:28:15,68.8193,-51.1922,8.85,91,100,5.1
470,Acarau,BR,2022-01-09 17:28:15,-2.8856,-40.12,85.73,63,100,13.62
471,Buchanan,LR,2022-01-09 17:28:16,5.8808,-10.0467,89.56,68,87,10.58
472,Quimper,FR,2022-01-09 17:25:52,48.0,-4.1,51.6,100,100,3.44
473,Araouane,ML,2022-01-09 17:28:17,18.9048,-3.5265,70.34,10,97,13.13
474,Takhatgarh,IN,2022-01-09 17:28:18,25.3333,73.0,56.1,55,0,5.75
475,Terrace,CA,2022-01-09 17:28:18,54.5163,-128.6035,33.57,98,100,1.52
476,Salta,AR,2022-01-09 17:28:19,-24.7859,-65.4117,84.58,49,40,4.0
477,Bystryy Istok,RU,2022-01-09 17:28:19,52.371,84.3873,20.79,81,100,15.73
478,Milkovo,RU,2022-01-09 17:28:20,54.7167,158.6167,23.5,94,100,6.8
479,Fort Saint James,CA,2022-01-09 17:28:20,54.4333,-124.25,6.96,99,100,1.63
480,Biak,ID,2022-01-09 17:28:21,-0.9131,122.8766,75.79,82,30,2.82
481,Pullman,US,2022-01-09 17:23:51,46.7313,-117.1796,27.21,74,0,18.41
482,Lompoc,US,2022-01-09 17:28:22,34.6391,-120.4579,66.13,80,0,5.75
483,Ayios Thomas,GR,2022-01-09 17:28:23,38.2814,23.5882,53.47,91,49,2.28
484,Rocha,UY,2022-01-09 17:28:23,-34.4833,-54.3333,88.45,32,0,17.78
485,Yeppoon,AU,2022-01-09 17:28:24,-23.1333,150.7333,74.98,74,8,13.18
486,Chaohu,CN,2022-01-09 17:28:24,31.6,117.8667,37.51,80,53,3.51
487,Rio Grande,BR,2022-01-09 17:28:25,-32.035,-52.0986,84.31,56,2,19.28
488,Chimoio,MZ,2022-01-09 17:28:25,-19.1164,33.4833,75.06,78,75,4.61
489,Barahona,DO,2022-01-09 17:28:26,18.2085,-71.1008,83.52,50,91,7.49
490,Seoul,KR,2022-01-09 17:28:26,37.5683,126.9778,22.51,90,0,2.3
491,Karasjok,NO,2022-01-09 17:28:27,69.4719,25.5112,15.91,100,47,2.08
492,Rafaela,AR,2022-01-09 17:28:27,-31.2503,-61.4867,98.06,26,0,5.01
493,Nioro,GM,2022-01-09 17:28:28,13.35,-15.75,96.64,10,95,8.37
494,Mikhaylovka,RU,2022-01-09 17:28:28,50.06,43.2379,27.79,80,100,15.21
495,Vernon,CA,2022-01-09 17:28:29,50.2581,-119.2691,25.61,86,100,1.16
496,Danielskuil,ZA,2022-01-09 17:28:30,-28.1887,23.5395,78.28,41,87,13.04
497,Kieta,PG,2022-01-09 17:28:30,-6.2167,155.6333,80.01,82,96,7.65
498,Dutlwe,BW,2022-01-09 17:28:31,-23.9833,23.9,81.9,36,98,13.0
499,San Ramon,US,2022-01-09 17:26:15,37.7799,-121.978,50.38,93,0,1.01
500,Kinablangan,PH,2022-01-09 17:28:31,7.6947,126.5503,76.51,88,60,3.71
501,Bradenton,US,2022-01-09 17:24:35,27.4989,-82.5748,82.35,53,0,10.0
502,Inirida,CO,2022-01-09 17:30:00,3.8653,-67.9239,91.81,43,82,2.19
503,Ajdabiya,LY,2022-01-09 17:30:10,30.7554,20.2263,56.79,71,46,20.31
504,Dicabisagan,PH,2022-01-09 17:30:17,17.0818,122.4157,71.73,90,27,3.91
505,Teberda,RU,2022-01-09 17:30:18,43.4456,41.7448,31.68,75,30,8.41
506,Muret,FR,2022-01-09 17:30:18,43.3333,1.25,48.78,97,100,1.99
507,Port Hedland,AU,2022-01-09 17:30:19,-20.3167,118.5667,82.45,78,4,8.05
508,Staryy Nadym,RU,2022-01-09 17:30:20,65.6118,72.6842,-19.55,99,63,6.58
509,Verkhnevilyuysk,RU,2022-01-09 17:30:20,63.4453,120.3167,-32.51,97,9,4.18
510,Kirakira,SB,2022-01-09 17:30:21,-10.4544,161.9205,79.03,86,66,7.65
511,Chute-Aux-Outardes,CA,2022-01-09 17:30:22,49.1168,-68.399,21.18,86,100,14.97
512,Demirci,TR,2022-01-09 17:30:22,39.0461,28.6589,42.49,83,100,9.08
513,Benghazi,LY,2022-01-09 17:30:23,32.1167,20.0667,60.4,54,89,23.51
514,Walcz,PL,2022-01-09 17:30:23,53.2779,16.4712,27.1,90,90,7.94
515,Faya,SA,2022-01-09 17:30:24,18.3851,42.4509,59.11,54,19,7.25
516,Bairiki,KI,2022-01-09 17:30:24,1.3292,172.9752,78.8,89,75,6.91
517,Orcopampa,PE,2022-01-09 17:30:25,-15.2661,-72.3417,51.98,68,96,7.7
518,Dukat,RU,2022-01-09 17:30:25,62.55,155.55,-11.58,95,32,1.19
519,Valdivia,CL,2022-01-09 17:30:18,-39.8142,-73.2459,64.49,68,98,5.17
520,Namatanai,PG,2022-01-09 17:30:26,-3.6667,152.4333,79.32,80,100,4.16
521,Almaznyy,RU,2022-01-09 17:30:27,48.0448,40.045,32.14,74,100,17.78
522,Koumac,NC,2022-01-09 17:30:28,-20.5667,164.2833,78.44,82,5,4.5
523,Sterlibashevo,RU,2022-01-09 17:30:29,53.4376,55.2578,-6.93,99,13,5.1
524,Krasnoselkup,RU,2022-01-09 17:30:30,65.7,82.4667,-0.89,98,99,7.76
525,Prince George,CA,2022-01-09 17:28:22,53.9166,-122.753,29.64,84,100,11.5
526,Grand-Lahou,CI,2022-01-09 17:30:31,5.1367,-5.0242,81.84,78,41,9.75
527,Harper,LR,2022-01-09 17:30:31,4.375,-7.7169,81.59,76,96,9.86
528,Madaoua,NE,2022-01-09 17:30:32,14.073,5.96,76.84,18,8,9.89
529,Pangnirtung,CA,2022-01-09 17:30:33,66.1451,-65.7125,-16.6,69,20,3.44
530,Kamaishi,JP,2022-01-09 17:30:34,39.2667,141.8833,32.31,76,87,5.84
531,Prostejov,CZ,2022-01-09 17:30:34,49.4719,17.1118,32.94,99,100,5.37
532,Bonavista,CA,2022-01-09 17:30:35,48.6499,-53.1147,25.12,65,70,18.23
533,Torquay,GB,2022-01-09 17:30:36,50.4638,-3.5143,47.68,90,100,4.0
534,Cervo,ES,2022-01-09 17:30:36,43.6702,-7.4101,59.2,91,100,19.8
535,Manyana,BW,2022-01-09 17:30:37,-23.4,21.7167,77.72,50,98,13.56
536,Sayanogorsk,RU,2022-01-09 17:30:38,53.0875,91.3997,14.47,85,100,4.09
537,Safranbolu,TR,2022-01-09 17:30:38,41.2508,32.6942,44.67,76,31,3.91
538,Lagoa,PT,2022-01-09 17:30:39,39.05,-27.9833,59.31,69,100,8.93
539,College,US,2022-01-09 17:30:40,64.8569,-147.8028,-9.74,76,0,5.75
540,Yatou,CN,2022-01-09 17:30:40,37.15,122.3833,31.17,74,94,3.56
541,Barcelos,PT,2022-01-09 17:26:04,41.5388,-8.6151,58.28,98,100,7.47
542,Sola,VU,2022-01-09 17:30:41,-13.8833,167.55,82.24,75,85,13.18
543,Maragogi,BR,2022-01-09 17:27:32,-9.0122,-35.2225,85.77,59,79,10.69
544,Cairns,AU,2022-01-09 17:30:42,-16.9167,145.7667,78.06,94,40,9.22
545,Andujar,ES,2022-01-09 17:28:15,38.0392,-4.0508,54.99,72,15,7.43
546,Lerwick,GB,2022-01-09 17:31:43,60.1545,-1.1494,41.0,92,100,27.56
547,Shieli,KZ,2022-01-09 17:31:43,44.1667,66.75,30.78,87,97,9.64
548,Palu,ID,2022-01-09 17:31:44,-0.8917,119.8707,74.71,94,100,2.15
549,Yarada,IN,2022-01-09 17:31:45,17.65,83.2667,71.92,88,20,2.3
550,Havre-Saint-Pierre,CA,2022-01-09 17:31:46,50.2334,-63.5986,24.8,68,100,11.5
551,Kaspiyskiy,RU,2022-01-09 17:31:46,45.3929,47.3707,35.11,71,75,21.94
552,Kyshtovka,RU,2022-01-09 17:31:47,56.555,76.6271,3.61,92,60,11.14
553,Hun,LY,2022-01-09 17:31:47,29.1268,15.9477,52.92,42,7,9.53
554,Bichura,RU,2022-01-09 17:31:48,50.5881,107.6022,-10.44,99,54,2.55
555,Nichinan,JP,2022-01-09 17:31:49,31.6,131.3667,45.45,76,15,5.46
556,Kota Belud,MY,2022-01-09 17:31:50,6.351,116.4305,78.66,87,7,6.11
557,Aripuana,BR,2022-01-09 17:31:51,-9.1667,-60.6333,81.16,76,90,6.31
558,Baghdad,IQ,2022-01-09 17:27:43,33.3406,44.4009,57.11,47,0,3.44
559,Taltal,CL,2022-01-09 17:30:21,-25.4,-70.4833,69.91,71,50,5.82
560,Nova Olinda Do Norte,BR,2022-01-09 17:31:52,-3.8881,-59.0942,82.36,64,92,4.25
561,Kikwit,CD,2022-01-09 17:31:52,-5.041,18.8162,77.27,79,94,2.62
562,Sechura,PE,2022-01-09 17:31:53,-5.5569,-80.8222,82.83,54,91,11.7
563,Humaita,BR,2022-01-09 17:31:53,-7.5061,-63.0208,71.38,97,100,2.86
