City_ID,City,Country,Date,Lat,Lng,Max Temp,Humidity,Cloudiness,Wind Speed,Weather Description
0,Izberbash,RU,2022-01-10 02:32:17,42.5696,47.8645,42.85,82,65,8.08,broken clouds
1,Mataura,NZ,2022-01-10 02:32:17,-46.1927,168.8643,69.48,47,48,3.42,scattered clouds
2,Sakhnovshchyna,UA,2022-01-10 02:32:18,49.1517,35.872,31.6,95,100,5.32,overcast clouds
3,Lengede,DE,2022-01-10 02:32:18,52.2049,10.3078,40.64,93,100,1.99,overcast clouds
4,Coihaique,CL,2022-01-10 02:28:06,-45.5752,-72.0662,60.75,59,100,8.05,overcast clouds
5,Pyaozerskiy,RU,2022-01-10 02:32:19,65.8333,31.1667,5.9,93,98,4.59,overcast clouds
6,Hilo,US,2022-01-10 02:28:31,19.7297,-155.09,78.53,80,75,6.91,broken clouds
7,Bud,US,2022-01-10 02:32:19,39.447,-86.1758,25.25,63,5,10.54,clear sky
8,Tomatlan,MX,2022-01-10 02:32:20,19.9333,-105.25,68.49,79,76,3.65,broken clouds
9,Carnarvon,AU,2022-01-10 02:31:21,-24.8667,113.6333,80.67,47,0,16.11,clear sky
10,Ugoofaaru,MV,2022-01-10 02:32:21,5.6667,73.0,80.94,74,100,8.93,overcast clouds
11,Yeppoon,AU,2022-01-10 02:32:21,-23.1333,150.7333,83.98,60,41,15.52,scattered clouds
12,Pandan,PH,2022-01-10 02:32:21,14.0453,124.1694,81.54,75,74,6.69,broken clouds
13,Sokolka,PL,2022-01-10 02:32:22,53.4072,23.5023,19.65,97,22,5.1,few clouds
14,Kruisfontein,ZA,2022-01-10 02:32:22,-34.0033,24.7314,68.88,76,100,13.22,overcast clouds
15,Rikitea,PF,2022-01-10 02:31:21,-23.1203,-134.9692,77.97,78,100,19.15,overcast clouds
16,Saint-Philippe,RE,2022-01-10 02:32:23,-21.3585,55.7679,76.59,84,97,12.21,light rain
17,Sao Filipe,CV,2022-01-10 02:32:24,14.8961,-24.4956,72.84,68,100,4.76,overcast clouds
18,Jalu,LY,2022-01-10 02:32:24,29.0331,21.5482,50.34,59,9,13.73,clear sky
19,Ribeira Grande,PT,2022-01-10 02:32:25,38.5167,-28.7,61.16,78,100,22.32,overcast clouds
20,Atambua,ID,2022-01-10 02:32:25,-9.1061,124.8925,82.42,69,61,4.9,broken clouds
21,Buta,CD,2022-01-10 02:32:25,2.7858,24.73,71.2,61,100,1.59,overcast clouds
22,Avarua,CK,2022-01-10 02:32:26,-21.2078,-159.775,82.45,74,75,16.11,broken clouds
23,Provideniya,RU,2022-01-10 02:31:33,64.3833,-173.3,6.91,66,0,22.37,clear sky
24,Lavrentiya,RU,2022-01-10 02:32:27,65.5833,-171.0,-11.16,83,2,10.94,clear sky
25,Tuktoyaktuk,CA,2022-01-10 02:32:27,69.4541,-133.0374,-23.8,69,75,10.36,broken clouds
26,Puerto Ayora,EC,2022-01-10 02:31:30,-0.7393,-90.3518,72.88,89,100,6.06,overcast clouds
27,Dingle,PH,2022-01-10 02:32:28,10.9995,122.6711,83.39,73,77,8.61,broken clouds
28,Hobart,AU,2022-01-10 02:31:23,-42.8794,147.3294,76.12,75,75,1.99,broken clouds
29,Melilla,ES,2022-01-10 02:32:29,35.2937,-2.9383,59.38,72,0,13.8,clear sky
30,Westport,US,2022-01-10 02:32:29,41.1415,-73.3579,39.99,95,100,1.01,overcast clouds
31,Nemuro,JP,2022-01-10 02:32:29,43.3236,145.575,27.03,58,0,12.66,clear sky
32,Nikolskoye,RU,2022-01-10 02:32:30,59.7035,30.7861,24.69,99,95,2.82,overcast clouds
33,Busselton,AU,2022-01-10 02:31:26,-33.65,115.3333,70.05,35,100,7.14,overcast clouds
34,Faya,SA,2022-01-10 02:32:30,18.3851,42.4509,51.91,71,1,3.29,clear sky
35,Quatre Cocos,MU,2022-01-10 02:32:31,-20.2078,57.7625,77.09,78,82,9.93,broken clouds
36,Castro,BR,2022-01-10 02:32:32,-24.7911,-50.0119,55.98,95,69,3.8,broken clouds
37,Severo-Kurilsk,RU,2022-01-10 02:32:32,50.6789,156.125,31.12,89,88,8.59,overcast clouds
38,Punta Arenas,CL,2022-01-10 02:32:32,-53.15,-70.9167,50.11,62,75,23.02,broken clouds
39,Ushuaia,AR,2022-01-10 02:30:18,-54.8,-68.3,44.26,70,100,0.0,overcast clouds
40,Sitka,US,2022-01-10 02:32:33,57.0531,-135.33,46.29,71,75,16.11,broken clouds
41,Harqalah,TN,2022-01-10 02:32:34,36.0303,10.509,55.99,71,40,10.36,scattered clouds
42,Faanui,PF,2022-01-10 02:32:34,-16.4833,-151.75,81.63,78,75,14.34,light rain
43,Hasaki,JP,2022-01-10 02:32:34,35.7333,140.8333,48.6,66,100,17.9,overcast clouds
44,Khatanga,RU,2022-01-10 02:33:35,71.9667,102.5,-6.21,92,99,5.99,overcast clouds
45,Hithadhoo,MV,2022-01-10 02:33:35,-0.6,73.0833,81.82,71,14,5.68,few clouds
46,Hermanus,ZA,2022-01-10 02:31:30,-34.4187,19.2345,66.9,87,70,3.83,broken clouds
47,Albany,US,2022-01-10 02:30:02,42.6001,-73.9662,36.3,81,100,3.0,overcast clouds
48,Tasiilaq,GL,2022-01-10 02:33:36,65.6145,-37.6368,32.16,77,100,51.47,snow
49,Dudinka,RU,2022-01-10 02:33:37,69.4058,86.1778,-5.39,98,100,10.78,overcast clouds
50,Kanigoro,ID,2022-01-10 02:33:37,-8.13,112.219,82.87,70,100,3.2,overcast clouds
51,Rafaela,AR,2022-01-10 02:33:37,-31.2503,-61.4867,83.05,46,0,7.7,clear sky
52,Qaanaaq,GL,2022-01-10 02:33:38,77.484,-69.3632,3.43,68,100,7.2,overcast clouds
53,Salalah,OM,2022-01-10 02:33:38,17.0151,54.0924,68.09,34,0,11.5,clear sky
54,Great Yarmouth,GB,2022-01-10 02:33:39,52.6083,1.7305,39.94,86,100,6.31,overcast clouds
55,Richards Bay,ZA,2022-01-10 02:33:39,-28.783,32.0377,68.18,88,7,7.54,clear sky
56,Bambous Virieux,MU,2022-01-10 02:33:40,-20.3428,57.7575,77.22,94,75,3.44,broken clouds
57,Gat,IL,2022-01-10 02:33:40,31.61,34.7642,54.39,18,0,8.86,clear sky
58,Bengkulu,ID,2022-01-10 02:31:23,-3.8004,102.2655,83.01,70,53,1.86,moderate rain
59,Dedougou,BF,2022-01-10 02:33:41,12.4667,-3.4667,64.98,15,6,6.85,clear sky
60,Pingzhuang,CN,2022-01-10 02:33:41,42.0372,119.2889,13.44,45,10,11.12,clear sky
61,Vaskut,HU,2022-01-10 02:33:41,46.1078,18.9851,27.7,93,100,5.35,overcast clouds
62,Narsaq,GL,2022-01-10 02:33:42,60.9167,-46.05,17.82,88,97,3.47,overcast clouds
63,Qena,EG,2022-01-10 02:33:42,26.1615,32.7183,51.91,38,51,6.64,broken clouds
64,Barrow,US,2022-01-10 02:33:42,71.2906,-156.7887,-18.38,69,0,0.0,clear sky
65,Gopalpur,IN,2022-01-10 02:33:43,19.2667,84.9167,71.71,72,2,4.29,clear sky
66,Komsomolskiy,UZ,2022-01-10 02:33:43,40.4272,71.7189,38.12,65,75,2.3,haze
67,Portland,US,2022-01-10 02:32:39,45.5234,-122.6762,46.33,68,20,11.99,few clouds
68,Trairi,BR,2022-01-10 02:32:39,-3.2778,-39.2689,77.09,83,100,5.53,overcast clouds
69,Sungaipenuh,ID,2022-01-10 02:33:44,-2.0833,101.3833,71.17,86,100,0.94,overcast clouds
70,Marsa Matruh,EG,2022-01-10 02:33:45,31.3525,27.2453,52.0,82,40,25.32,sand
71,Iqaluit,CA,2022-01-10 02:29:50,63.7506,-68.5145,-25.31,74,0,10.0,clear sky
72,Husavik,IS,2022-01-10 02:33:45,66.0449,-17.3389,40.91,85,100,35.63,overcast clouds
73,Tura,IN,2022-01-10 02:33:46,25.5198,90.2201,69.31,50,20,1.14,few clouds
74,Jingdezhen,CN,2022-01-10 02:33:46,29.2947,117.2079,49.78,69,100,1.88,overcast clouds
75,Alekseyevsk,RU,2022-01-10 02:33:47,57.8406,108.3492,-13.97,87,76,2.82,broken clouds
76,Mar Del Plata,AR,2022-01-10 02:33:47,-38.0023,-57.5575,73.09,1,57,1.99,broken clouds
77,Port Elizabeth,ZA,2022-01-10 02:33:48,-33.918,25.5701,71.1,83,0,14.97,clear sky
78,Paeroa,NZ,2022-01-10 02:33:48,-37.3667,175.6667,84.06,51,100,8.05,overcast clouds
79,Kurkino,RU,2022-01-10 02:33:48,53.4257,38.6582,24.06,96,100,11.32,snow
80,Bluff,NZ,2022-01-10 02:31:25,-46.6,168.3333,69.8,85,85,11.39,overcast clouds
81,Arona,ES,2022-01-10 02:33:49,28.0996,-16.681,63.81,21,40,14.97,scattered clouds
82,The Valley,AI,2022-01-10 02:33:49,18.217,-63.0578,78.1,70,6,21.34,clear sky
83,Umiray,PH,2022-01-10 02:33:50,15.2206,121.4111,80.8,72,24,4.45,few clouds
84,Olafsvik,IS,2022-01-10 02:33:50,64.8945,-23.7142,40.3,90,100,27.85,heavy intensity rain
85,Vaini,TO,2022-01-10 02:30:27,-21.2,-175.2,78.96,94,100,10.36,overcast clouds
86,Tuatapere,NZ,2022-01-10 02:33:51,-46.1333,167.6833,69.82,68,67,5.61,broken clouds
87,Yumen,CN,2022-01-10 02:33:51,40.2833,97.2,21.24,53,0,7.31,clear sky
88,Kavieng,PG,2022-01-10 02:33:52,-2.5744,150.7967,84.22,69,100,7.74,overcast clouds
89,Jamestown,US,2022-01-10 02:33:52,42.097,-79.2353,26.24,56,100,11.99,overcast clouds
90,Corinto,GR,2022-01-10 02:33:52,37.9407,22.9573,53.46,89,100,7.78,overcast clouds
91,Georgetown,MY,2022-01-10 02:34:53,5.4112,100.3354,84.13,67,20,8.01,few clouds
92,Berlevag,NO,2022-01-10 02:34:53,70.8578,29.0864,32.16,70,100,26.62,overcast clouds
93,Aklavik,CA,2022-01-10 02:31:28,68.2191,-135.0107,-26.57,99,12,2.57,few clouds
94,Edd,ER,2022-01-10 02:34:54,13.9297,41.6925,77.72,66,3,19.08,clear sky
95,Batagay,RU,2022-01-10 02:34:54,67.6333,134.6333,-33.7,97,13,3.96,few clouds
96,Cidreira,BR,2022-01-10 02:34:55,-30.1811,-50.2056,72.0,74,31,15.93,scattered clouds
97,Lorengau,PG,2022-01-10 02:34:55,-2.0226,147.2712,83.48,70,99,9.55,overcast clouds
98,Korla,CN,2022-01-10 02:34:55,41.7597,86.1469,24.8,60,67,4.81,broken clouds
99,Necochea,AR,2022-01-10 02:30:05,-38.5473,-58.7368,79.03,46,88,18.86,overcast clouds
100,Ambon,ID,2022-01-10 02:34:56,-3.6954,128.1814,87.94,66,20,4.61,few clouds
101,Te Anau,NZ,2022-01-10 02:34:56,-45.4167,167.7167,71.04,62,81,5.91,broken clouds
102,Bredasdorp,ZA,2022-01-10 02:34:57,-34.5322,20.0403,65.52,82,69,12.66,broken clouds
103,Buluang,PH,2022-01-10 02:34:57,13.3068,123.3425,85.89,62,87,1.23,overcast clouds
104,Kodiak,US,2022-01-10 02:34:58,57.79,-152.4072,27.91,64,100,18.41,overcast clouds
105,Tommot,RU,2022-01-10 02:34:58,58.9564,126.2925,-23.24,98,97,0.36,overcast clouds
106,Vila,PT,2022-01-10 02:34:59,42.0304,-8.1588,45.73,95,99,2.71,overcast clouds
107,Camacha,PT,2022-01-10 02:34:59,33.0833,-16.3333,60.22,82,40,10.36,scattered clouds
108,Pisco,PE,2022-01-10 02:34:59,-13.7,-76.2167,69.85,88,40,13.8,scattered clouds
109,San Vicente,AR,2022-01-10 02:35:00,-26.6167,-54.1333,62.26,60,0,1.92,clear sky
110,Shenkursk,RU,2022-01-10 02:35:00,62.1091,42.896,6.35,99,97,3.22,overcast clouds
111,Nikolayevsk-Na-Amure,RU,2022-01-10 02:35:01,53.1406,140.73,1.36,94,100,8.93,light snow
112,San Felipe,VE,2022-01-10 02:35:01,10.3399,-68.7425,70.65,90,70,4.9,broken clouds
113,Ranong,TH,2022-01-10 02:35:01,9.9658,98.6348,78.73,57,38,5.84,scattered clouds
114,Asau,RO,2022-01-10 02:35:02,46.4333,26.4,36.39,95,100,4.23,light snow
115,Belomorsk,RU,2022-01-10 02:35:02,64.5232,34.7668,-0.92,95,15,6.15,few clouds
116,Salta,AR,2022-01-10 02:35:03,-24.7859,-65.4117,77.29,74,75,4.0,broken clouds
117,Verkhoyansk,RU,2022-01-10 02:35:03,67.5447,133.385,-39.1,100,42,1.92,scattered clouds
118,Qui Nhon,VN,2022-01-10 02:35:04,13.7667,109.2333,76.84,78,38,7.83,scattered clouds
119,Chuy,UY,2022-01-10 02:31:27,-33.6971,-53.4616,68.2,81,0,10.29,clear sky
120,Lebu,CL,2022-01-10 02:35:04,-37.6167,-73.65,58.14,94,5,6.11,clear sky
121,Chokurdakh,RU,2022-01-10 02:35:05,70.6333,147.9167,-25.19,95,26,8.37,scattered clouds
122,Mazamari,PE,2022-01-10 02:35:05,-11.3258,-74.5308,67.73,94,47,1.77,scattered clouds
123,Saldanha,ZA,2022-01-10 02:35:06,-33.0117,17.9442,64.45,92,22,6.42,few clouds
124,Mahibadhoo,MV,2022-01-10 02:35:06,3.7833,72.9667,81.16,74,79,8.25,broken clouds
125,Mildura,AU,2022-01-10 02:35:07,-34.2,142.15,104.07,22,40,8.05,scattered clouds
126,Yellowknife,CA,2022-01-10 02:32:45,62.456,-114.3525,-26.59,88,40,2.3,scattered clouds
127,Port Alfred,ZA,2022-01-10 02:35:07,-33.5906,26.891,71.35,87,99,20.74,overcast clouds
128,Dikson,RU,2022-01-10 02:33:07,73.5069,80.5464,-11.54,100,98,4.36,overcast clouds
129,Lubango,AO,2022-01-10 02:35:08,-14.9172,13.4925,62.11,62,92,2.08,overcast clouds
130,New Norfolk,AU,2022-01-10 02:35:08,-42.7826,147.0587,76.75,59,96,1.01,overcast clouds
131,Xining,CN,2022-01-10 02:35:08,36.6167,101.7667,21.54,58,26,0.94,scattered clouds
132,Vangaindrano,MG,2022-01-10 02:35:09,-23.35,47.6,73.58,90,74,4.72,light rain
133,Yerbogachen,RU,2022-01-10 02:35:09,61.2767,108.0108,-6.59,78,100,9.8,overcast clouds
134,Cape Town,ZA,2022-01-10 02:32:42,-33.9258,18.4232,67.26,82,63,1.01,broken clouds
135,Emba,KZ,2022-01-10 02:35:10,48.8264,58.1442,1.56,83,14,9.62,few clouds
136,Sakaiminato,JP,2022-01-10 02:35:10,35.55,133.2333,49.98,71,40,9.22,scattered clouds
137,Kenai,US,2022-01-10 02:35:10,60.5544,-151.2583,14.09,57,100,14.97,overcast clouds
138,Kota Bahru,MY,2022-01-10 02:36:11,6.1333,102.2386,80.6,83,20,2.3,few clouds
139,Am Timan,TD,2022-01-10 02:36:11,11.0297,20.2827,74.05,20,7,9.19,clear sky
140,Rognan,NO,2022-01-10 02:36:12,67.0953,15.3878,21.34,74,3,7.85,clear sky
141,Taywarah,AF,2022-01-10 02:36:12,33.35,64.4167,14.36,37,0,2.82,clear sky
142,Vila Velha,BR,2022-01-10 02:36:12,-20.3297,-40.2925,73.94,97,100,2.3,overcast clouds
143,Mareeba,AU,2022-01-10 02:36:13,-17.0,145.4333,81.32,95,100,6.17,light rain
144,Champerico,GT,2022-01-10 02:36:13,14.3,-91.9167,81.36,73,34,6.06,scattered clouds
145,Nanortalik,GL,2022-01-10 02:36:14,60.1432,-45.2371,18.61,78,94,31.9,overcast clouds
146,La Asuncion,VE,2022-01-10 02:36:14,11.0333,-63.8628,65.93,100,95,11.5,overcast clouds
147,Touros,BR,2022-01-10 02:33:39,-5.1989,-35.4608,77.9,77,99,10.51,overcast clouds
148,Vardo,NO,2022-01-10 02:36:15,70.3705,31.1107,29.91,77,99,28.5,overcast clouds
149,Ust-Uda,RU,2022-01-10 02:36:15,54.1742,103.0304,-2.54,84,100,1.59,overcast clouds
150,Lulea,SE,2022-01-10 02:36:15,65.5842,22.1547,-5.73,84,100,1.14,overcast clouds
151,Pokhara,NP,2022-01-10 02:36:16,28.2333,83.9833,60.78,42,6,0.94,clear sky
152,Guerrero Negro,MX,2022-01-10 02:36:16,27.9769,-114.0611,63.9,57,100,8.08,overcast clouds
153,Hovd,MN,2022-01-10 02:36:16,48.0056,91.6419,5.58,76,89,0.6,overcast clouds
154,Puerto Escondido,MX,2022-01-10 02:36:17,15.85,-97.0667,79.63,73,40,0.0,scattered clouds
155,Kapaa,US,2022-01-10 02:36:08,22.0752,-159.319,79.12,65,0,3.0,clear sky
156,Murgab,TM,2022-01-10 02:36:17,37.4966,61.9714,35.47,100,100,6.91,fog
157,Atuona,PF,2022-01-10 02:36:18,-9.8,-139.0333,78.17,78,89,16.84,light rain
158,Bethel,US,2022-01-10 02:36:18,41.3712,-73.414,38.05,91,100,1.99,overcast clouds
159,Butaritari,KI,2022-01-10 02:36:19,3.0707,172.7902,81.73,77,75,17.83,broken clouds
160,Kemi,FI,2022-01-10 02:36:19,65.8596,24.8228,-16.83,83,20,1.14,few clouds
161,Yetkul,RU,2022-01-10 02:36:19,54.8221,61.588,-4.02,94,99,6.46,overcast clouds
162,Ahipara,NZ,2022-01-10 02:36:11,-35.1667,173.1667,72.95,64,95,6.17,overcast clouds
163,Nea Peramos,GR,2022-01-10 02:36:20,38.0076,23.423,53.38,83,94,8.9,overcast clouds
164,Saint-Ambroise,CA,2022-01-10 02:36:20,48.5501,-71.3324,22.6,74,87,17.27,overcast clouds
165,Pyinmana,MM,2022-01-10 02:36:21,19.7333,96.2167,76.3,44,3,2.37,clear sky
166,Gondar,ET,2022-01-10 02:36:21,12.6,37.4667,57.31,67,20,5.97,few clouds
167,Tiksi,RU,2022-01-10 02:36:22,71.6872,128.8694,-2.97,85,100,23.09,overcast clouds
168,Aykhal,RU,2022-01-10 02:36:22,66.0,111.5,-1.59,94,100,17.78,overcast clouds
169,Sorland,NO,2022-01-10 02:31:20,67.667,12.6934,32.52,65,6,7.56,clear sky
170,Clyde River,CA,2022-01-10 02:36:22,70.4692,-68.5914,-1.97,78,100,26.46,light snow
171,Barra,BR,2022-01-10 02:36:23,-11.0894,-43.1417,73.49,86,98,1.23,overcast clouds
172,Jacareacanga,BR,2022-01-10 02:36:23,-6.2222,-57.7528,69.57,98,100,1.59,overcast clouds
173,Taltal,CL,2022-01-10 02:36:24,-25.4,-70.4833,67.14,79,37,3.87,scattered clouds
174,Airai,TL,2022-01-10 02:36:24,-8.9266,125.4092,71.74,73,43,2.68,scattered clouds
175,Magam,IN,2022-01-10 02:36:25,34.0833,74.5833,36.79,96,100,1.14,overcast clouds
176,Maldonado,UY,2022-01-10 02:31:59,-34.6667,-54.9167,69.22,84,14,11.43,few clouds
177,Chicama,PE,2022-01-10 02:36:25,-7.8447,-79.1469,66.74,74,9,4.99,clear sky
178,Rocha,UY,2022-01-10 02:36:26,-34.4833,-54.3333,65.79,87,0,11.61,clear sky
179,Alexandria,EG,2022-01-10 02:36:26,31.2156,29.9553,50.54,76,40,13.8,scattered clouds
180,Aleksandrov Gay,RU,2022-01-10 02:36:26,50.147,48.5704,17.67,82,100,12.71,overcast clouds
181,Jiwani,PK,2022-01-10 02:36:27,25.05,61.7417,64.29,51,0,5.86,clear sky
182,Broome,US,2022-01-10 02:36:28,42.2506,-75.833,35.71,80,100,5.99,overcast clouds
183,Meulaboh,ID,2022-01-10 02:36:28,4.1363,96.1285,76.37,90,100,4.97,heavy intensity rain
184,Thompson,CA,2022-01-10 02:36:29,55.7435,-97.8558,-21.84,69,0,9.22,clear sky
185,Hamilton,US,2022-01-10 02:31:34,39.1834,-84.5333,29.64,63,0,4.0,clear sky
186,Lac Du Bonnet,CA,2022-01-10 02:37:30,50.2536,-96.0612,-16.42,93,7,7.81,clear sky
187,Itanagar,IN,2022-01-10 02:37:30,27.1,93.6167,52.43,52,53,2.19,broken clouds
188,Sorong,ID,2022-01-10 02:37:31,-0.8833,131.25,82.9,75,36,5.55,scattered clouds
189,Mount Gambier,AU,2022-01-10 02:35:03,-37.8333,140.7667,87.71,22,78,6.91,broken clouds
190,Tual,ID,2022-01-10 02:37:31,-5.6667,132.75,83.05,76,77,9.01,broken clouds
191,Imbituba,BR,2022-01-10 02:37:32,-28.24,-48.6703,73.81,87,100,6.71,overcast clouds
192,Fare,PF,2022-01-10 02:37:32,-16.7,-151.0167,81.21,78,65,16.49,light rain
193,Upernavik,GL,2022-01-10 02:37:32,72.7868,-56.1549,3.02,99,100,2.37,overcast clouds
194,Cherskiy,RU,2022-01-10 02:33:11,68.75,161.3,-13.04,97,100,1.92,overcast clouds
195,Vertou,FR,2022-01-10 02:37:33,47.1687,-1.4693,48.74,93,100,3.44,mist
196,Cairns,AU,2022-01-10 02:37:33,-16.9167,145.7667,85.95,86,75,3.44,broken clouds
197,San Cristobal,VE,2022-01-10 02:36:06,7.7669,-72.225,66.38,92,20,2.35,few clouds
198,Saskylakh,RU,2022-01-10 02:37:34,71.9167,114.0833,-0.94,95,85,8.43,overcast clouds
199,Qinhuangdao,CN,2022-01-10 02:37:35,39.9317,119.5883,27.5,58,97,10.2,overcast clouds
200,Cameta,BR,2022-01-10 02:37:35,-2.2444,-49.4958,73.62,91,96,3.42,overcast clouds
201,Lagoa,PT,2022-01-10 02:37:36,39.05,-27.9833,60.3,75,100,17.54,overcast clouds
202,Camocim,BR,2022-01-10 02:37:36,-2.9022,-40.8411,78.42,80,100,5.55,overcast clouds
203,Kununurra,AU,2022-01-10 02:37:36,-15.7667,128.7333,93.18,62,8,3.44,clear sky
204,Cascais,PT,2022-01-10 02:37:37,38.6979,-9.4215,57.51,73,54,3.0,broken clouds
205,Mangai,CD,2022-01-10 02:37:37,-4.05,19.5333,67.8,96,98,1.66,light rain
206,Onufriyivka,UA,2022-01-10 02:37:38,48.9072,33.4487,34.99,94,100,2.3,overcast clouds
207,Longyearbyen,SJ,2022-01-10 02:37:38,78.2186,15.6401,22.84,74,75,5.75,broken clouds
208,Codrington,AU,2022-01-10 02:37:39,-38.2667,141.9667,74.14,54,81,15.61,broken clouds
209,Evensk,RU,2022-01-10 02:37:39,61.95,159.2333,10.72,78,100,8.16,overcast clouds
210,Morozovsk,RU,2022-01-10 02:37:39,48.3539,41.8261,30.42,93,100,13.78,overcast clouds
211,Atar,MR,2022-01-10 02:37:40,20.5169,-13.0499,65.84,11,100,9.31,overcast clouds
212,Sao Joao Da Barra,BR,2022-01-10 02:37:40,-21.6403,-41.0511,69.64,96,100,8.39,overcast clouds
213,Brae,GB,2022-01-10 02:37:41,60.3964,-1.353,42.71,78,100,24.65,overcast clouds
214,Roebourne,AU,2022-01-10 02:37:20,-20.7833,117.1333,90.59,47,0,14.52,light rain
215,Pochutla,MX,2022-01-10 02:37:42,15.7432,-96.4661,77.85,76,75,3.67,broken clouds
216,Tautira,PF,2022-01-10 02:37:42,-17.7333,-149.15,78.82,82,87,22.75,light rain
217,Sarangpur,IN,2022-01-10 02:37:43,23.5667,76.4667,54.39,68,0,7.18,clear sky
218,Roald,NO,2022-01-10 02:37:43,62.5833,6.1333,33.94,64,0,13.8,clear sky
219,East London,ZA,2022-01-10 02:37:43,-33.0153,27.9116,71.02,89,99,3.04,overcast clouds
220,Beyneu,KZ,2022-01-10 02:37:44,45.3167,55.2,30.69,82,17,19.69,few clouds
221,Port Shepstone,ZA,2022-01-10 02:37:44,-30.7414,30.455,71.76,85,40,22.03,scattered clouds
222,Saint George,US,2022-01-10 02:37:44,37.1041,-113.5841,50.47,41,0,3.0,clear sky
223,Sribne,UA,2022-01-10 02:37:45,50.6638,32.9187,31.82,99,100,3.31,light snow
224,Buenos Aires,AR,2022-01-10 02:32:51,-34.6132,-58.3772,79.02,68,0,9.22,clear sky
225,Imeni Poliny Osipenko,RU,2022-01-10 02:37:45,52.4201,136.4853,-10.79,94,98,2.73,overcast clouds
226,Mucurapo,TT,2022-01-10 02:37:46,10.6667,-61.5333,75.25,87,55,7.96,broken clouds
227,Kawalu,ID,2022-01-10 02:37:46,-7.3817,108.2082,85.21,63,83,2.01,light rain
228,Aripuana,BR,2022-01-10 02:37:46,-9.1667,-60.6333,71.04,99,94,2.37,overcast clouds
229,Kenora,CA,2022-01-10 02:37:47,49.8167,-94.4337,-15.23,69,0,8.05,clear sky
230,Cabadiangan,PH,2022-01-10 02:37:48,9.7531,122.4739,85.14,68,30,5.95,scattered clouds
231,Mehamn,NO,2022-01-10 02:38:48,71.0357,27.8492,31.62,69,99,22.86,overcast clouds
232,Nome,US,2022-01-10 02:38:49,64.5011,-165.4064,6.87,47,0,23.02,clear sky
233,Labuhan,ID,2022-01-10 02:38:49,-6.8844,112.2051,85.68,67,94,6.98,overcast clouds
234,Mahebourg,MU,2022-01-10 02:38:49,-20.4081,57.7,78.26,94,75,3.44,broken clouds
235,Egvekinot,RU,2022-01-10 02:38:50,66.3167,-179.1667,-8.09,59,0,14.07,clear sky
236,Lompoc,US,2022-01-10 02:34:30,34.6391,-120.4579,57.34,86,0,0.0,clear sky
237,Pahrump,US,2022-01-10 02:38:51,36.2083,-115.9839,51.06,33,0,3.0,clear sky
238,Berdigestyakh,RU,2022-01-10 02:38:51,62.0989,126.6992,-32.1,98,69,1.95,broken clouds
239,Plettenberg Bay,ZA,2022-01-10 02:38:51,-34.0527,23.3716,71.17,72,100,1.61,overcast clouds
240,Varhaug,NO,2022-01-10 02:38:52,58.6147,5.6457,38.89,70,89,24.85,overcast clouds
241,Leningradskiy,RU,2022-01-10 02:38:52,69.3833,178.4167,-17.07,92,51,1.92,broken clouds
242,Sola,VU,2022-01-10 02:38:53,-13.8833,167.55,82.8,75,100,14.03,overcast clouds
243,Arraial Do Cabo,BR,2022-01-10 02:38:53,-22.9661,-42.0278,68.58,93,100,5.01,light rain
244,Teeli,RU,2022-01-10 02:38:54,51.0333,90.2333,-2.7,94,100,0.11,overcast clouds
245,Saint-Pierre,RE,2022-01-10 02:38:54,-21.3393,55.4781,77.29,79,20,4.61,few clouds
246,Chernyshevskiy,RU,2022-01-10 02:34:18,63.0128,112.4714,-18.72,93,100,4.32,overcast clouds
247,Puerto El Triunfo,SV,2022-01-10 02:38:55,13.2833,-88.55,83.32,67,33,4.32,scattered clouds
248,Laguna,US,2022-01-10 02:38:55,38.421,-121.4238,54.1,84,0,1.01,clear sky
249,Victoria,HK,2022-01-10 02:34:55,22.2855,114.1577,69.24,78,99,1.01,overcast clouds
250,Tessalit,ML,2022-01-10 02:36:34,20.1986,1.0114,55.26,20,25,9.51,scattered clouds
251,Lodja,CD,2022-01-10 02:38:56,-3.4833,23.4333,67.57,95,100,0.2,light rain
252,Bestobe,KZ,2022-01-10 02:38:57,52.4994,73.0975,-4.5,98,6,7.11,clear sky
253,Severnyy,RU,2022-01-10 02:38:57,50.677,36.5532,32.04,93,100,8.95,shower drizzle
254,Angoram,PG,2022-01-10 02:38:57,-4.0625,144.0661,85.3,74,62,5.03,broken clouds
255,Souillac,MU,2022-01-10 02:38:58,-20.5167,57.5167,78.37,94,75,3.44,broken clouds
256,Katsuura,JP,2022-01-10 02:38:58,35.1333,140.3,51.19,78,100,19.39,overcast clouds
257,Wanning,CN,2022-01-10 02:38:59,18.8003,110.3967,75.06,70,24,6.82,few clouds
258,Baghdad,IQ,2022-01-10 02:38:09,33.3406,44.4009,51.71,58,0,9.22,clear sky
259,Aswan,EG,2022-01-10 02:38:59,24.0934,32.907,56.5,47,0,14.97,clear sky
260,Kerema,PG,2022-01-10 02:39:00,-7.9631,145.7785,84.94,69,92,10.63,overcast clouds
261,Gorodets,RU,2022-01-10 02:39:00,56.6514,43.475,20.88,96,100,7.76,snow
262,Cabo San Lucas,MX,2022-01-10 02:34:07,22.8909,-109.9124,72.52,80,100,4.61,overcast clouds
263,Calatayud,ES,2022-01-10 02:39:01,41.3535,-1.6432,55.54,82,97,17.18,overcast clouds
264,Fairbanks,US,2022-01-10 02:39:01,64.8378,-147.7164,-7.6,68,100,5.75,overcast clouds
265,Torbay,CA,2022-01-10 02:39:01,47.6666,-52.7314,30.58,79,100,4.0,overcast clouds
266,Pecos,US,2022-01-10 02:39:02,31.4229,-103.4932,46.49,31,0,8.05,clear sky
267,Albury,AU,2022-01-10 02:37:13,-36.0833,146.9167,93.15,78,3,6.91,clear sky
268,Tadine,NC,2022-01-10 02:39:03,-21.55,167.8833,81.1,74,15,22.32,few clouds
269,Geraldton,AU,2022-01-10 02:39:03,-28.7667,114.6,88.21,19,0,17.27,clear sky
270,Merrill,US,2022-01-10 02:39:03,45.1805,-89.6835,-0.63,65,0,8.05,clear sky
271,Opuwo,NA,2022-01-10 02:39:04,-18.0607,13.84,62.13,38,88,3.0,overcast clouds
272,Quang Ngai,VN,2022-01-10 02:39:04,15.1167,108.8,75.22,81,96,2.73,overcast clouds
273,Padang,ID,2022-01-10 02:39:05,-0.9492,100.3543,80.65,89,100,7.87,light rain
274,Oeiras,BR,2022-01-10 02:39:05,-7.0253,-42.1311,73.26,90,100,2.26,overcast clouds
275,Nanyamba,TZ,2022-01-10 02:39:05,-10.6833,39.8333,72.75,96,100,3.83,light rain
276,Desaguadero,PE,2022-01-10 02:40:06,-16.5656,-69.0417,47.37,74,86,3.87,overcast clouds
277,Los Llanos De Aridane,ES,2022-01-10 02:40:07,28.6585,-17.9182,65.95,25,0,10.0,clear sky
278,Duluth,US,2022-01-10 02:36:21,46.7833,-92.1066,-3.71,57,100,3.0,overcast clouds
279,Constitucion,CL,2022-01-10 02:38:30,-35.3333,-72.4167,57.65,92,31,6.51,scattered clouds
280,Sur,OM,2022-01-10 02:40:07,22.5667,59.5289,66.74,61,0,2.55,clear sky
281,Norman Wells,CA,2022-01-10 02:40:08,65.282,-126.8329,-29.16,68,75,5.75,broken clouds
282,Erenhot,CN,2022-01-10 02:40:08,43.6475,111.9767,3.06,58,1,5.64,clear sky
283,Suozhen,CN,2022-01-10 02:40:09,36.9539,118.1047,34.75,86,100,4.05,light snow
284,Bilibino,RU,2022-01-10 02:40:09,68.0546,166.4372,-17.01,99,77,1.45,broken clouds
285,Kumluca,TR,2022-01-10 02:39:52,36.3703,30.2869,47.68,74,30,4.99,scattered clouds
286,Sabinas,MX,2022-01-10 02:40:10,27.85,-101.1167,57.74,34,85,17.18,overcast clouds
287,Itamarandiba,BR,2022-01-10 02:40:10,-17.8572,-42.8589,65.3,98,100,1.23,light rain
288,Pevek,RU,2022-01-10 02:40:11,69.7008,170.3133,-14.48,100,97,3.42,overcast clouds
289,Karksi-Nuia,EE,2022-01-10 02:40:11,58.1033,25.5628,28.27,96,99,3.83,overcast clouds
290,Samagaltay,RU,2022-01-10 02:40:12,50.6022,95.0047,-1.62,98,100,1.99,overcast clouds
291,San Ignacio,BZ,2022-01-10 02:40:12,17.1561,-89.0714,71.74,94,0,6.91,clear sky
292,Berberati,CF,2022-01-10 02:40:13,4.2612,15.7922,68.59,33,62,1.19,broken clouds
293,Kahului,US,2022-01-10 02:40:14,20.8947,-156.47,80.62,70,40,6.91,scattered clouds
294,Grindavik,IS,2022-01-10 02:40:14,63.8424,-22.4338,39.67,87,100,46.04,overcast clouds
295,Sinnamary,GF,2022-01-10 02:40:15,5.3833,-52.95,75.38,86,96,5.5,overcast clouds
296,Fortuna,US,2022-01-10 02:40:15,40.5982,-124.1573,51.93,85,96,1.01,overcast clouds
297,Merauke,ID,2022-01-10 02:40:15,-8.4667,140.3333,85.71,67,70,11.79,broken clouds
298,Moose Factory,CA,2022-01-10 02:40:16,51.2585,-80.6094,-5.8,65,100,20.71,overcast clouds
299,Maragogi,BR,2022-01-10 02:40:16,-9.0122,-35.2225,78.04,84,22,5.37,few clouds
300,Olgod,DK,2022-01-10 02:40:17,55.8068,8.6286,35.92,95,100,10.18,overcast clouds
301,Aguimes,ES,2022-01-10 02:40:17,27.9054,-15.4461,64.65,36,0,3.44,clear sky
302,Venkatagiri,IN,2022-01-10 02:38:23,13.9667,79.5833,73.87,78,50,2.8,scattered clouds
303,Ilulissat,GL,2022-01-10 02:40:18,69.2167,-51.1,15.82,79,100,9.22,overcast clouds
304,Turukhansk,RU,2022-01-10 02:40:18,65.8167,87.9833,-2.22,98,100,8.52,light snow
305,Hay River,CA,2022-01-10 02:40:18,60.8156,-115.7999,-18.42,76,75,2.3,broken clouds
306,Hami,CN,2022-01-10 02:40:19,42.8,93.45,25.36,46,0,3.83,clear sky
307,Broken Hill,AU,2022-01-10 02:40:19,-31.95,141.4333,100.11,14,0,8.05,clear sky
308,Albufeira,PT,2022-01-10 02:40:20,37.0882,-8.2503,46.24,89,0,9.19,clear sky
309,Luderitz,NA,2022-01-10 02:40:20,-26.6481,15.1594,61.63,97,13,4.92,few clouds
310,Manacapuru,BR,2022-01-10 02:40:20,-3.2997,-60.6206,75.78,86,98,3.96,overcast clouds
311,Noumea,NC,2022-01-10 02:40:21,-22.2763,166.4572,84.99,99,55,19.3,broken clouds
312,Taga,RO,2022-01-10 02:40:21,46.95,24.05,32.32,93,99,2.89,overcast clouds
313,Altamira,BR,2022-01-10 02:40:22,-3.2033,-52.2064,70.92,97,100,1.95,overcast clouds
314,Marrakesh,MA,2022-01-10 02:36:05,31.6315,-8.0083,44.67,53,0,2.3,clear sky
315,Comodoro Rivadavia,AR,2022-01-10 02:31:29,-45.8667,-67.5,75.06,29,0,21.85,clear sky
316,Myitkyina,MM,2022-01-10 02:40:23,25.3833,97.4,69.08,47,0,1.88,clear sky
317,Nizwa,OM,2022-01-10 02:40:23,22.9333,57.5333,57.43,67,0,2.08,clear sky
318,Praia,CV,2022-01-10 02:40:24,14.9215,-23.5087,72.14,78,75,10.36,broken clouds
319,Mayo,US,2022-01-10 02:40:24,38.8876,-76.5119,46.13,94,100,1.01,overcast clouds
320,Safford,US,2022-01-10 02:41:24,32.834,-109.7076,57.11,40,0,4.61,clear sky
321,Talakan,RU,2022-01-10 02:41:25,50.3167,130.3667,-8.55,86,53,1.39,broken clouds
322,Sibolga,ID,2022-01-10 02:41:25,1.7427,98.7792,81.27,76,100,2.35,overcast clouds
323,Dalvik,IS,2022-01-10 02:41:26,65.9702,-18.5286,40.93,90,100,19.04,overcast clouds
324,Kristiansund,NO,2022-01-10 02:41:26,63.1115,7.732,32.65,59,0,3.44,clear sky
325,Lazaro Cardenas,MX,2022-01-10 02:41:27,17.9583,-102.2,75.6,70,8,2.66,clear sky
326,Herat,AF,2022-01-10 02:39:39,34.5,62.0,34.29,51,0,1.41,clear sky
327,Ponta Do Sol,PT,2022-01-10 02:41:27,32.6667,-17.1,65.71,39,100,8.37,overcast clouds
328,Malaya Purga,RU,2022-01-10 02:41:28,56.5567,53.0043,11.5,91,100,11.3,light snow
329,Manta,EC,2022-01-10 02:41:28,-0.95,-80.7333,76.78,83,20,8.05,few clouds
330,Makakilo City,US,2022-01-10 02:38:38,21.3469,-158.0858,79.12,65,0,8.05,clear sky
331,Omboue,GA,2022-01-10 02:41:28,-1.5746,9.2618,76.62,92,100,5.21,overcast clouds
332,Pangnirtung,CA,2022-01-10 02:41:29,66.1451,-65.7125,-24.66,86,51,6.13,broken clouds
333,Ostrovnoy,RU,2022-01-10 02:41:29,68.0531,39.5131,27.1,75,100,19.48,light snow
334,Luwuk,ID,2022-01-10 02:41:30,-0.9516,122.7875,87.03,61,100,3.13,overcast clouds
335,Sayyan,YE,2022-01-10 02:41:30,15.1718,44.3244,49.57,37,0,2.66,clear sky
336,Samarai,PG,2022-01-10 02:41:31,-10.6167,150.6667,82.58,74,95,1.23,overcast clouds
337,Kenscoff,HT,2022-01-10 02:41:31,18.4506,-72.2869,64.54,65,64,4.61,broken clouds
338,Caluquembe,AO,2022-01-10 02:41:31,-13.7833,14.6833,59.65,94,100,3.53,overcast clouds
339,Kavaratti,IN,2022-01-10 02:41:32,10.5669,72.642,80.06,68,98,9.57,overcast clouds
340,Yarmouth,US,2022-01-10 02:41:32,41.7057,-70.2286,46.54,91,100,19.57,moderate rain
341,Linxia,CN,2022-01-10 02:41:33,35.6003,103.2064,25.41,51,53,0.89,broken clouds
342,Maraba,BR,2022-01-10 02:41:33,-5.3686,-49.1178,70.77,99,100,2.15,overcast clouds
343,Orangeburg,US,2022-01-10 02:41:34,33.4918,-80.8557,66.38,87,75,20.71,thunderstorm with rain
344,Lata,PT,2022-01-10 02:41:34,40.1629,-8.3327,55.81,99,100,2.66,overcast clouds
345,Cayenne,GF,2022-01-10 02:41:35,4.9333,-52.3333,79.09,81,0,3.0,clear sky
346,Sandwick,GB,2022-01-10 02:41:35,60.0,-1.25,42.62,87,100,21.85,overcast clouds
347,Sterling,US,2022-01-10 02:41:35,39.0062,-77.4286,44.28,97,75,3.0,broken clouds
348,Havre-Saint-Pierre,CA,2022-01-10 02:41:36,50.2334,-63.5986,26.96,80,100,11.5,overcast clouds
349,Yaring,TH,2022-01-10 02:41:37,6.8662,101.3689,85.14,70,38,11.18,scattered clouds
350,Bugene,TZ,2022-01-10 02:41:37,-1.5911,31.1403,61.03,79,100,1.61,overcast clouds
351,Salihorsk,BY,2022-01-10 02:41:37,52.7876,27.5415,22.75,97,69,7.0,broken clouds
352,Abu Samrah,SY,2022-01-10 02:41:38,35.3029,37.1841,48.49,76,1,8.68,clear sky
353,Danshui,CN,2022-01-10 02:41:38,22.7984,114.4672,68.88,70,100,2.84,overcast clouds
354,Antofagasta,CL,2022-01-10 02:41:39,-23.65,-70.4,67.28,79,42,3.49,scattered clouds
355,Chumikan,RU,2022-01-10 02:41:39,54.7183,135.315,-8.09,82,100,14.79,overcast clouds
356,Bogorodskoye,RU,2022-01-10 02:41:39,56.55,37.8833,17.1,96,100,3.69,snow
357,Morgan City,US,2022-01-10 02:40:49,29.6994,-91.2068,71.01,100,75,3.44,mist
358,Tucurui,BR,2022-01-10 02:41:40,-3.7661,-49.6725,70.93,97,98,2.04,overcast clouds
359,Santiago,CL,2022-01-10 02:41:41,-33.4569,-70.6483,71.85,54,0,10.36,clear sky
360,Raudeberg,NO,2022-01-10 02:41:41,61.9875,5.1352,38.07,60,2,3.0,clear sky
361,Beloha,MG,2022-01-10 02:41:41,-25.1667,45.05,73.53,80,100,11.39,overcast clouds
362,Maneadero,MX,2022-01-10 02:41:42,31.7167,-116.5667,65.19,84,17,5.35,few clouds
363,Najran,SA,2022-01-10 02:42:42,17.4924,44.1277,48.85,36,2,0.58,clear sky
364,Lipari,IT,2022-01-10 02:41:09,38.4674,14.954,52.11,58,48,29.37,scattered clouds
365,Romitan,UZ,2022-01-10 02:42:43,39.9343,64.3814,26.55,100,100,4.61,fog
366,Cockburn Town,TC,2022-01-10 02:42:43,21.4612,-71.1419,78.6,73,20,22.39,few clouds
367,Gallup,US,2022-01-10 02:38:52,35.5281,-108.7426,31.01,63,0,1.99,clear sky
368,San Patricio,US,2022-01-10 02:42:44,28.017,-97.5169,66.29,60,100,20.54,overcast clouds
369,Mayumba,GA,2022-01-10 02:42:44,-3.432,10.6554,76.62,93,99,5.59,overcast clouds
370,Gejiu,CN,2022-01-10 02:42:45,23.306,103.1635,52.09,68,3,6.02,clear sky
371,Srednekolymsk,RU,2022-01-10 02:42:45,67.45,153.6833,-14.62,99,100,3.87,overcast clouds
372,Ulety,RU,2022-01-10 02:40:14,51.3572,112.4849,-5.6,80,6,2.89,clear sky
373,Saint Anthony,US,2022-01-10 02:42:46,45.0205,-93.218,6.73,60,100,3.0,overcast clouds
374,Ancud,CL,2022-01-10 02:42:46,-41.8697,-73.8203,59.43,95,7,4.38,clear sky
375,Hattiesburg,US,2022-01-10 02:42:46,31.3271,-89.2903,66.13,94,100,5.75,overcast clouds
376,Yulara,AU,2022-01-10 02:42:47,-25.2406,130.9889,103.84,11,42,10.36,scattered clouds
377,Kidal,ML,2022-01-10 02:42:47,18.4411,1.4078,57.04,18,94,13.15,overcast clouds
378,Zwedru,LR,2022-01-10 02:42:48,6.0667,-8.1281,74.14,95,72,0.63,broken clouds
379,Asyut,EG,2022-01-10 02:42:48,27.181,31.1837,46.58,43,1,5.68,clear sky
380,Mandalgovi,MN,2022-01-10 02:42:48,45.7625,106.2708,10.38,65,0,5.19,clear sky
381,Margate,GB,2022-01-10 02:42:49,51.3813,1.3862,37.89,83,12,3.98,few clouds
382,Krivosheino,RU,2022-01-10 02:42:49,57.3431,83.9261,0.01,92,99,8.66,overcast clouds
383,Rawson,AR,2022-01-10 02:42:49,-43.3002,-65.1023,66.49,58,5,6.46,clear sky
384,Timizart,DZ,2022-01-10 02:39:28,36.8,4.2667,50.4,73,90,10.16,overcast clouds
385,Elesbao Veloso,BR,2022-01-10 02:42:50,-6.2019,-42.1403,73.87,83,100,2.24,overcast clouds
386,Fort Beaufort,ZA,2022-01-10 02:42:50,-32.7748,26.6338,73.42,59,88,4.94,overcast clouds
387,Gasa,PS,2022-01-10 02:42:51,31.5,34.4667,53.19,51,0,12.73,clear sky
388,Alofi,NU,2022-01-10 02:42:51,-19.0595,-169.9187,80.49,89,99,9.22,overcast clouds
389,Biak,ID,2022-01-10 02:42:52,-0.9131,122.8766,84.49,61,100,1.57,overcast clouds
390,San Jeronimo,PE,2022-01-10 02:42:52,-11.9472,-75.2829,51.8,84,100,3.58,overcast clouds
391,Khairagarh,IN,2022-01-10 02:42:52,26.95,77.8167,51.19,82,0,6.49,clear sky
392,Zelenogorskiy,RU,2022-01-10 02:42:53,55.0333,87.0,18.12,93,100,9.66,light snow
393,Nabire,ID,2022-01-10 02:42:53,-3.3667,135.4833,84.33,70,100,4.25,overcast clouds
394,Adrar,MR,2022-01-10 02:42:54,20.5022,-10.0711,57.22,14,100,5.99,overcast clouds
395,Talara,PE,2022-01-10 02:42:54,-4.5772,-81.2719,70.56,85,78,10.96,broken clouds
396,Berdavan,AM,2022-01-10 02:42:54,41.205,44.9997,31.05,51,84,4.47,broken clouds
397,Poum,NC,2022-01-10 02:42:55,-20.2333,164.0167,82.53,71,22,7.56,few clouds
398,Ocos,GT,2022-01-10 02:42:55,14.5094,-92.1933,81.32,73,9,5.19,clear sky
399,Dunbar,US,2022-01-10 02:42:56,38.3606,-81.7374,36.14,79,100,1.99,overcast clouds
400,Ureki,GE,2022-01-10 02:42:56,41.9956,41.7786,58.96,67,39,8.59,scattered clouds
401,Barcelona,ES,2022-01-10 02:39:30,41.3888,2.159,55.33,83,20,5.01,few clouds
402,Dali,CN,2022-01-10 02:42:57,25.7,100.1833,52.86,45,0,4.56,clear sky
403,Sonoita,MX,2022-01-10 02:42:57,31.85,-112.8333,60.53,42,77,7.23,broken clouds
404,Oussouye,SN,2022-01-10 02:42:57,12.485,-16.5469,69.98,18,98,15.03,overcast clouds
405,Altamont,US,2022-01-10 02:40:28,42.2068,-121.7372,35.44,64,0,6.91,clear sky
406,Huarmey,PE,2022-01-10 02:42:58,-10.0681,-78.1522,71.11,81,0,7.99,clear sky
407,Mitsamiouli,KM,2022-01-10 02:42:58,-11.3847,43.2844,82.83,72,92,9.1,overcast clouds
408,Apollonia,GR,2022-01-10 02:42:59,36.9716,24.7231,52.25,71,67,10.54,broken clouds
409,Kirakira,SB,2022-01-10 02:42:59,-10.4544,161.9205,85.53,71,63,11.9,broken clouds
410,Vallenar,CL,2022-01-10 02:42:59,-28.5708,-70.7581,67.37,60,97,3.38,overcast clouds
411,Timra,SE,2022-01-10 02:44:00,62.487,17.3257,17.28,93,100,4.61,overcast clouds
412,Oistins,BB,2022-01-10 02:44:01,13.0667,-59.5333,77.09,61,20,18.41,few clouds
413,Klaksvik,FO,2022-01-10 02:44:01,62.2266,-6.589,43.72,86,100,39.15,overcast clouds
414,Sivas,TR,2022-01-10 02:44:01,39.7916,37.0019,38.03,80,75,20.71,light rain
415,Ucluelet,CA,2022-01-10 02:39:55,48.9329,-125.5528,34.95,83,100,12.08,overcast clouds
416,Talnakh,RU,2022-01-10 02:44:02,69.4865,88.3972,-5.8,97,100,5.53,light snow
417,Asfi,MA,2022-01-10 02:44:02,32.2994,-9.2372,53.85,47,100,15.26,overcast clouds
418,Balkanabat,TM,2022-01-10 02:44:03,39.5108,54.3671,45.7,57,0,9.42,clear sky
419,Mananjary,MG,2022-01-10 02:44:03,-21.2167,48.3333,73.71,93,100,8.86,light rain
420,Paramonga,PE,2022-01-10 02:44:04,-10.6667,-77.8333,70.88,82,12,8.23,few clouds
421,Milkovo,RU,2022-01-10 02:44:04,54.7167,158.6167,25.18,95,100,5.5,light snow
422,Sakakah,SA,2022-01-10 02:43:49,29.9697,40.2064,58.57,63,100,15.1,overcast clouds
423,Stornoway,GB,2022-01-10 02:44:05,58.2093,-6.3865,44.92,88,100,5.99,overcast clouds
424,Monte Santo,BR,2022-01-10 02:44:05,-10.4378,-39.3328,70.47,82,100,5.06,heavy intensity rain
425,Dong Hoi,VN,2022-01-10 02:44:06,17.4833,106.6,73.51,82,94,2.46,overcast clouds
426,Hofn,IS,2022-01-10 02:44:06,64.2539,-15.2082,40.44,94,100,24.92,heavy intensity rain
427,Inhambane,MZ,2022-01-10 02:44:07,-23.865,35.3833,73.76,91,23,6.49,few clouds
428,Ginir,ET,2022-01-10 02:44:07,7.1333,40.7,55.22,73,3,3.0,clear sky
429,Teya,RU,2022-01-10 02:44:07,60.3778,92.6267,16.03,91,100,7.4,light snow
430,Mae Sai,TH,2022-01-10 02:44:08,20.4335,99.8762,73.44,44,12,1.01,few clouds
431,Pundaguitan,PH,2022-01-10 02:44:08,6.3711,126.1689,81.0,78,98,8.16,overcast clouds
432,Chandur Bazar,IN,2022-01-10 02:44:09,21.2417,77.7456,65.66,72,65,6.49,broken clouds
433,Auki,SB,2022-01-10 02:44:09,-8.7676,160.7034,83.52,77,100,9.55,overcast clouds
434,Nishihara,JP,2022-01-10 02:44:09,26.1842,127.7558,69.46,68,75,8.05,broken clouds
435,At-Bashi,KG,2022-01-10 02:44:10,41.1702,75.8106,1.09,71,15,3.09,few clouds
436,Canon City,US,2022-01-10 02:44:10,38.441,-105.2424,37.38,79,0,0.0,clear sky
437,Marsh Harbour,BS,2022-01-10 02:44:11,26.5412,-77.0636,74.34,67,100,15.03,overcast clouds
438,Namibe,AO,2022-01-10 02:44:11,-15.1961,12.1522,64.67,80,55,5.46,broken clouds
439,Omsukchan,RU,2022-01-10 02:44:12,62.5333,155.8,-12.28,96,100,4.88,overcast clouds
440,Jinchang,CN,2022-01-10 02:44:12,38.4953,102.1739,25.95,51,0,2.08,clear sky
441,Allada,BJ,2022-01-10 02:44:12,6.6655,2.1514,79.56,80,83,4.16,broken clouds
442,Ola,RU,2022-01-10 02:44:13,59.5833,151.2833,17.15,80,100,10.13,overcast clouds
443,Lenger,KZ,2022-01-10 02:44:13,42.183,69.8839,26.04,52,93,5.3,overcast clouds
444,Coquimbo,CL,2022-01-10 02:41:02,-29.9533,-71.3436,64.13,77,0,4.61,clear sky
445,Solnechnyy,RU,2022-01-10 02:44:14,50.7214,136.6319,-2.29,91,61,3.02,broken clouds
446,Honiara,SB,2022-01-10 02:44:14,-9.4333,159.95,88.52,62,66,11.34,broken clouds
447,Iraray,PH,2022-01-10 02:44:15,8.9936,118.0511,82.83,72,54,7.92,broken clouds
448,Sistranda,NO,2022-01-10 02:44:15,63.7256,8.834,31.96,66,0,9.33,clear sky
449,Nsanje,MW,2022-01-10 02:44:16,-16.92,35.262,71.62,96,100,1.12,overcast clouds
450,Palma Campania,IT,2022-01-10 02:44:16,40.8649,14.5487,46.42,82,100,6.31,overcast clouds
451,Santa Isabel Do Rio Negro,BR,2022-01-10 02:44:17,-0.4139,-65.0192,73.98,90,66,1.14,broken clouds
452,Seguela,CI,2022-01-10 02:44:17,7.9611,-6.6731,73.63,23,66,0.92,broken clouds
453,Mayor Pablo Lagerenza,PY,2022-01-10 02:44:18,-19.9309,-60.7718,80.58,56,18,2.17,few clouds
454,Ambanja,MG,2022-01-10 02:44:18,-13.6833,48.45,75.16,91,80,1.83,broken clouds
455,Gherghesti,RO,2022-01-10 02:44:18,46.5,27.5167,35.04,88,100,12.33,overcast clouds
456,Nortelandia,BR,2022-01-10 02:45:19,-14.4547,-56.8028,72.32,96,100,4.45,overcast clouds
457,Tupik,RU,2022-01-10 02:45:19,54.4253,119.9327,-12.6,84,24,2.37,few clouds
458,Kutum,SD,2022-01-10 02:45:20,14.2,24.6667,62.89,29,0,14.07,clear sky
459,Bam,IR,2022-01-10 02:45:20,29.106,58.357,43.84,37,0,1.3,clear sky
460,Westerland,DE,2022-01-10 02:45:21,54.9079,8.3033,35.62,100,100,4.61,overcast clouds
461,Xihe,CN,2022-01-10 02:45:21,31.6864,113.4659,46.0,70,100,3.69,overcast clouds
462,Matagami,CA,2022-01-10 02:45:21,49.7502,-77.6328,-5.69,71,100,12.66,overcast clouds
463,San Jose,US,2022-01-10 02:44:19,37.3394,-121.895,56.1,79,75,4.61,broken clouds
464,Katangli,RU,2022-01-10 02:45:22,51.7102,143.2326,7.47,92,100,19.39,light snow
465,Cabedelo,BR,2022-01-10 02:45:22,-6.9811,-34.8339,77.67,79,29,11.41,scattered clouds
466,Banfora,BF,2022-01-10 02:45:23,10.6333,-4.7667,71.56,15,5,6.6,clear sky
467,Santa Fe,AR,2022-01-10 02:41:53,-31.6333,-60.7,79.75,35,0,7.54,clear sky
468,Kropotkin,RU,2022-01-10 02:45:23,45.4375,40.5756,35.53,85,33,8.25,scattered clouds
469,Tiznit,MA,2022-01-10 02:45:24,29.5833,-9.5,53.44,31,72,3.33,broken clouds
470,Savelugu,GH,2022-01-10 02:45:24,9.6244,-0.8253,74.19,17,35,5.97,scattered clouds
471,High Prairie,CA,2022-01-10 02:45:24,55.4334,-116.4858,2.5,94,100,5.35,overcast clouds
472,Vorukh,TJ,2022-01-10 02:45:25,39.8494,70.5838,26.82,39,22,6.98,few clouds
473,Haines Junction,CA,2022-01-10 02:45:25,60.7522,-137.5108,-16.65,76,100,0.0,overcast clouds
474,Howard Springs,AU,2022-01-10 02:45:26,-12.497,131.047,92.98,72,100,5.73,overcast clouds
475,Bastia,FR,2022-01-10 02:45:27,42.6667,9.3333,45.3,78,0,5.75,clear sky
476,Brezoi,RO,2022-01-10 02:45:27,45.338,24.2486,33.48,98,100,3.85,overcast clouds
477,Yerofey Pavlovich,RU,2022-01-10 02:45:28,53.9667,121.9667,-7.55,75,19,2.04,few clouds
478,Goderich,CA,2022-01-10 02:44:16,43.7501,-81.7165,19.9,68,100,24.16,overcast clouds
479,Alenquer,BR,2022-01-10 02:45:28,-1.9417,-54.7383,75.54,92,97,2.73,overcast clouds
480,Jinka,ET,2022-01-10 02:45:28,5.65,36.65,66.76,52,59,1.32,broken clouds
481,Hambantota,LK,2022-01-10 02:45:29,6.1241,81.1185,75.54,100,75,6.91,broken clouds
482,Metro,ID,2022-01-10 02:45:30,-5.1131,105.3067,84.4,70,86,5.84,overcast clouds
483,Uvat,RU,2022-01-10 02:45:30,59.1433,68.8953,6.49,88,100,11.39,overcast clouds
484,Khandbari,NP,2022-01-10 02:45:31,27.3747,87.2039,59.77,57,2,0.81,clear sky
485,Petropavlovsk-Kamchatskiy,RU,2022-01-10 02:45:31,53.0452,158.6483,34.39,60,75,17.9,snow
486,Moyale,KE,2022-01-10 02:45:32,3.5167,39.0584,68.77,57,1,4.16,clear sky
487,Peniche,PT,2022-01-10 02:45:32,39.3558,-9.3811,57.61,90,100,6.76,overcast clouds
488,Kingsville,US,2022-01-10 02:45:32,27.5159,-97.8561,66.29,53,100,5.99,overcast clouds
489,Bystryy Istok,RU,2022-01-10 02:45:33,52.371,84.3873,10.22,94,94,8.21,overcast clouds
490,Flinders,AU,2022-01-10 02:45:33,-34.5833,150.8552,83.05,81,81,4.0,broken clouds
491,Zile,TR,2022-01-10 02:45:34,40.3031,35.8864,43.92,66,100,11.86,light rain
492,Awbari,LY,2022-01-10 02:45:34,26.5921,12.7805,42.42,36,0,8.55,clear sky
493,Rajapur,IN,2022-01-10 02:45:35,25.3833,81.15,59.95,80,31,4.83,scattered clouds
494,Chara,RU,2022-01-10 02:45:35,56.9064,118.2631,-20.6,93,10,0.34,clear sky
495,Muravlenko,RU,2022-01-10 02:45:36,63.7898,74.523,-7.71,99,39,12.39,scattered clouds
496,Presidente Olegario,BR,2022-01-10 02:45:36,-18.4178,-46.4181,65.19,99,100,3.76,heavy intensity rain
497,Acapulco,MX,2022-01-10 02:42:32,16.8634,-99.8901,77.61,73,45,4.65,scattered clouds
498,Gizo,SB,2022-01-10 02:45:37,-8.103,156.8419,80.46,84,96,11.83,moderate rain
499,Bac Lieu,VN,2022-01-10 02:45:37,9.285,105.7244,83.59,63,63,16.4,broken clouds
500,Dabwali,IN,2022-01-10 02:45:38,29.95,74.7333,51.21,72,0,0.94,clear sky
501,Villamontes,BO,2022-01-10 02:45:38,-21.25,-63.5,81.63,51,100,4.41,overcast clouds
502,Empangeni,ZA,2022-01-10 02:46:39,-28.762,31.8933,65.39,93,0,5.3,clear sky
503,Kiama,AU,2022-01-10 02:46:39,-34.6833,150.8667,83.25,79,69,5.99,broken clouds
504,Ayagoz,KZ,2022-01-10 02:46:39,47.9714,80.4392,-1.68,99,90,10.74,overcast clouds
505,Villarrica,PY,2022-01-10 02:46:40,-25.75,-56.4333,70.68,71,0,4.25,clear sky
506,Basco,PH,2022-01-10 02:46:40,20.4487,121.9702,74.1,76,80,15.66,broken clouds
507,Conakry,GN,2022-01-10 02:46:41,9.538,-13.6773,73.36,72,15,9.64,few clouds
508,Salinas,US,2022-01-10 02:46:41,36.6777,-121.6555,56.21,76,0,0.0,clear sky
509,Lianran,CN,2022-01-10 02:46:41,24.9227,102.485,52.34,45,0,4.41,clear sky
510,Douentza,ML,2022-01-10 02:46:42,14.9951,-2.9517,60.22,15,16,3.71,few clouds
511,Brandon,US,2022-01-10 02:42:29,27.9378,-82.2859,72.1,87,40,1.99,scattered clouds
512,Trincomalee,LK,2022-01-10 02:46:42,8.5711,81.2335,79.43,79,49,8.75,light rain
513,Iskateley,RU,2022-01-10 02:46:43,67.6803,53.1512,-7.4,99,92,6.98,overcast clouds
514,Kaeo,NZ,2022-01-10 02:46:44,-35.1,173.7833,77.32,75,99,6.71,overcast clouds
515,Kysyl-Syr,RU,2022-01-10 02:46:44,63.8986,122.7617,-33.2,99,48,3.87,scattered clouds
516,Vao,NC,2022-01-10 02:46:45,-22.6667,167.4833,77.43,77,0,21.72,clear sky
517,Tupelo,US,2022-01-10 02:46:45,34.2576,-88.7034,44.89,56,100,17.0,overcast clouds
518,Mont-Dore,NC,2022-01-10 02:46:46,-22.2833,166.5833,84.99,99,58,16.75,broken clouds
519,Nalut,LY,2022-01-10 02:46:46,30.3333,10.85,42.58,36,28,15.26,scattered clouds
520,Hukuntsi,BW,2022-01-10 02:46:47,-24.0,21.75,70.63,71,94,10.58,overcast clouds
521,Mackay,AU,2022-01-10 02:46:47,-21.15,149.2,89.58,62,40,18.41,scattered clouds
522,Esil,KZ,2022-01-10 02:46:47,51.9556,66.4042,-11.47,100,43,5.68,scattered clouds
523,Escanaba,US,2022-01-10 02:46:45,45.7453,-87.0646,5.43,57,0,16.11,clear sky
524,Ishigaki,JP,2022-01-10 02:46:48,24.3448,124.1572,68.13,77,75,18.41,broken clouds
525,Cotonou,BJ,2022-01-10 02:46:48,6.3654,2.4183,80.58,89,20,2.3,few clouds
526,Zhigansk,RU,2022-01-10 02:46:49,66.7697,123.3711,-28.46,94,100,20.49,overcast clouds
527,Slave Lake,CA,2022-01-10 02:46:49,55.2834,-114.769,-0.42,78,100,13.8,overcast clouds
528,West Lafayette,US,2022-01-10 02:45:01,40.4259,-86.9081,19.35,72,0,14.97,clear sky
529,Klyuchi,RU,2022-01-10 02:46:50,52.2667,79.1667,-4.58,100,51,5.03,broken clouds
530,Conceicao Do Araguaia,BR,2022-01-10 02:46:51,-8.2578,-49.2647,72.0,94,100,0.69,overcast clouds
531,Guanica,PR,2022-01-10 02:46:51,17.9716,-66.908,75.97,75,63,1.99,broken clouds
532,Namatanai,PG,2022-01-10 02:46:52,-3.6667,152.4333,84.65,69,89,8.99,light rain
533,Asekeyevo,RU,2022-01-10 02:46:52,53.5742,52.7972,1.24,91,100,4.9,overcast clouds
534,Porto Walter,BR,2022-01-10 02:46:52,-8.2686,-72.7439,72.34,99,100,3.56,light rain
535,Panjakent,TJ,2022-01-10 02:46:53,39.4952,67.6093,24.6,34,97,5.03,overcast clouds
536,Boende,CD,2022-01-10 02:46:53,-0.2167,20.8667,74.48,75,97,1.86,overcast clouds
537,Itarema,BR,2022-01-10 02:46:54,-2.9248,-39.9167,78.24,79,100,8.34,overcast clouds
538,Songjianghe,CN,2022-01-10 02:46:54,42.1859,127.479,17.83,69,100,2.15,overcast clouds
539,Almaznyy,RU,2022-01-10 02:46:55,48.0448,40.045,32.14,89,100,12.62,snow
540,Volchansk,RU,2022-01-10 02:46:55,59.9378,60.081,12.0,87,100,8.08,overcast clouds
541,El Rusio,HN,2022-01-10 02:46:56,14.4667,-86.3667,67.8,80,72,2.33,broken clouds
542,Banjar,ID,2022-01-10 02:46:56,-8.19,114.9675,85.91,69,100,3.98,overcast clouds
543,Shiyan,CN,2022-01-10 02:46:56,32.6475,110.7781,51.04,56,45,8.3,scattered clouds
544,Cobija,BO,2022-01-10 02:46:57,-11.0267,-68.7692,71.92,98,93,1.99,overcast clouds
545,Porto Novo,BJ,2022-01-10 02:46:57,6.4965,2.6036,80.42,77,96,4.94,overcast clouds
546,Muros,ES,2022-01-10 02:46:58,42.7762,-9.0603,57.09,96,100,5.95,overcast clouds
547,Malatya,TR,2022-01-10 02:46:58,38.5,38.0,39.25,81,100,6.91,overcast clouds
548,Linqiong,CN,2022-01-10 02:46:59,30.4159,103.4609,46.22,74,98,5.88,overcast clouds
549,Sobolevo,RU,2022-01-10 02:47:59,54.4299,31.8996,20.89,96,100,7.81,snow
550,Neiafu,TO,2022-01-10 02:48:00,-18.65,-173.9833,83.08,83,75,8.05,broken clouds
551,Batagay-Alyta,RU,2022-01-10 02:48:01,67.8006,130.4114,-20.61,85,78,3.2,broken clouds
552,Saint-Augustin,CA,2022-01-10 02:43:08,51.226,-58.6502,31.62,97,100,27.63,snow
553,Pangai,TO,2022-01-10 02:48:01,-19.8,-174.35,80.71,83,100,18.41,light intensity shower rain
554,Suchil,MX,2022-01-10 02:48:02,23.6333,-103.9167,56.77,22,100,3.83,overcast clouds
555,Shingu,JP,2022-01-10 02:48:02,33.7333,135.9833,56.39,49,0,3.13,clear sky
556,Calamar,CO,2022-01-10 02:48:03,10.2511,-74.9146,78.75,74,90,4.83,overcast clouds
557,Carauari,BR,2022-01-10 02:48:03,-4.8828,-66.8958,72.91,98,99,2.04,overcast clouds
558,Kortkeros,RU,2022-01-10 02:48:04,61.8106,51.5806,14.0,94,100,8.77,light snow
559,Ponta Delgada,PT,2022-01-10 02:48:04,37.7333,-25.6667,61.52,72,75,13.8,broken clouds
560,Vozhega,RU,2022-01-10 02:48:05,60.4725,40.2213,8.35,98,93,2.33,overcast clouds
561,Kaitangata,NZ,2022-01-10 02:48:05,-46.2817,169.8464,66.92,89,41,8.66,scattered clouds
562,Deputatskiy,RU,2022-01-10 02:44:03,69.3,139.9,-26.48,94,7,5.44,clear sky
563,Lerwick,GB,2022-01-10 02:48:06,60.1545,-1.1494,42.8,77,100,26.73,overcast clouds
564,Nicoya,CR,2022-01-10 02:48:06,10.1483,-85.452,78.35,74,0,7.85,clear sky
565,Limoges,FR,2022-01-10 02:46:27,45.75,1.3333,43.36,93,100,3.44,light rain
566,Ixtapa,MX,2022-01-10 02:48:07,20.7,-105.2,71.22,88,0,0.0,clear sky
567,Guimar,ES,2022-01-10 02:48:08,28.3039,-16.4325,65.34,65,92,1.99,overcast clouds
568,Lieksa,FI,2022-01-10 02:48:08,63.3167,30.0167,-7.85,100,27,3.44,scattered clouds
569,Vila Franca Do Campo,PT,2022-01-10 02:48:08,37.7167,-25.4333,61.21,78,90,10.42,overcast clouds
570,Nyagan,RU,2022-01-10 02:48:09,62.1406,65.3936,4.06,94,86,8.25,overcast clouds
571,Burgeo,CA,2022-01-10 02:48:09,47.6167,-57.6152,35.06,98,100,32.21,snow
572,Waipawa,NZ,2022-01-10 02:48:10,-41.4122,175.5153,70.43,59,99,1.68,overcast clouds
573,Avera,US,2022-01-10 02:47:43,33.194,-82.5271,61.48,98,100,8.59,moderate rain
574,Letpadan,MM,2022-01-10 02:48:10,17.7833,95.75,77.56,50,4,1.95,clear sky
575,Bulgan,MN,2022-01-10 02:48:11,48.8125,103.5347,3.9,83,29,2.3,scattered clouds
576,San Vicente De Canete,PE,2022-01-10 02:48:11,-13.0751,-76.3835,70.16,86,26,6.13,scattered clouds
577,Butterworth,MY,2022-01-10 02:48:12,5.3991,100.3638,86.04,66,20,8.01,few clouds
578,Tourlaville,FR,2022-01-10 02:48:12,49.6383,-1.5664,47.66,100,100,3.94,overcast clouds
579,Santa Cruz,BO,2022-01-10 02:43:23,-17.8,-63.1667,76.46,94,75,8.05,broken clouds
580,Hualmay,PE,2022-01-10 02:48:13,-11.0964,-77.6139,70.52,82,26,9.44,scattered clouds
581,Zhangjiakou,CN,2022-01-10 02:48:13,40.81,114.8794,19.54,43,51,14.85,broken clouds
582,Leshukonskoye,RU,2022-01-10 02:48:14,64.8989,45.7622,-0.71,97,89,8.43,overcast clouds
583,Oxford,GB,2022-01-10 02:48:14,51.7522,-1.256,41.63,95,100,2.3,overcast clouds
584,Bandarbeyla,SO,2022-01-10 02:48:15,9.4942,50.8122,75.42,64,73,18.37,broken clouds
585,Maniitsoq,GL,2022-01-10 02:48:15,65.4167,-52.9,12.54,83,100,10.25,light snow
586,Shakawe,BW,2022-01-10 02:48:15,-18.3667,21.85,67.06,95,100,8.16,light rain
587,Kuminskiy,RU,2022-01-10 02:48:16,58.6667,66.5667,5.86,89,100,10.83,overcast clouds
588,Bajil,YE,2022-01-10 02:48:16,15.0584,43.2851,73.67,76,3,3.33,clear sky
589,Kallifonion,GR,2022-01-10 02:48:17,39.2725,21.9561,48.04,91,100,2.68,overcast clouds
590,Niksar,TR,2022-01-10 02:48:17,40.5917,36.9517,43.68,73,100,8.77,overcast clouds
591,Ossora,RU,2022-01-10 02:48:18,59.2353,163.0719,12.6,95,95,6.06,overcast clouds
592,Bondo,CD,2022-01-10 02:48:18,3.8146,23.6866,73.58,51,100,0.65,overcast clouds
593,Jose Bonifacio,BR,2022-01-10 02:44:42,-21.0528,-49.6883,70.86,85,99,8.16,overcast clouds
594,Zaozerne,UA,2022-01-10 02:45:42,45.1582,33.2787,46.58,86,54,10.18,broken clouds
595,Goba,ET,2022-01-10 02:49:19,7.0167,39.9833,46.04,88,9,3.85,clear sky
596,Imeni Morozova,RU,2022-01-10 02:49:19,59.9757,31.0376,24.84,100,99,3.56,overcast clouds
597,Mattru,SL,2022-01-10 02:49:20,7.6244,-11.8332,74.12,96,43,3.18,light rain
598,Sinop,TR,2022-01-10 02:49:20,41.7711,34.8709,45.1,69,98,10.42,overcast clouds
599,Mae Ramat,TH,2022-01-10 02:49:21,16.984,98.5166,71.92,41,13,1.3,few clouds
600,Pucallpa,PE,2022-01-10 02:49:21,-8.3791,-74.5539,77.04,88,75,3.44,broken clouds
601,Phuthaditjhaba,ZA,2022-01-10 02:49:21,-28.5242,28.8158,55.31,92,54,3.91,broken clouds
602,Pacific Grove,US,2022-01-10 02:49:22,36.6177,-121.9166,55.81,82,0,1.01,clear sky
603,Belmonte,BR,2022-01-10 02:49:22,-15.8631,-38.8828,77.5,88,100,9.26,overcast clouds
604,Perth,AU,2022-01-10 02:46:42,-31.9333,115.8333,79.18,39,0,18.41,clear sky
605,Manoel Urbano,BR,2022-01-10 02:49:23,-8.8389,-69.2597,72.88,99,100,2.71,moderate rain
606,Nantucket,US,2022-01-10 02:49:23,41.2835,-70.0995,47.08,92,100,27.07,light rain
607,Winsum,NL,2022-01-10 02:49:24,53.33,6.5208,36.99,95,6,6.91,clear sky
608,Karabanovo,RU,2022-01-10 02:49:24,56.3167,38.7,19.35,97,100,3.27,snow
609,Viedma,AR,2022-01-10 02:49:25,-40.8135,-62.9967,68.94,68,0,12.8,clear sky
610,Quballat,TN,2022-01-10 02:49:25,36.5418,9.6633,53.82,83,78,24.56,broken clouds
611,Elizabeth City,US,2022-01-10 02:49:26,36.2946,-76.2511,62.01,88,83,13.18,moderate rain
612,Puerto Boyaca,CO,2022-01-10 02:46:29,5.9758,-74.5885,72.43,95,88,0.85,overcast clouds
613,Waingapu,ID,2022-01-10 02:49:26,-9.6567,120.2641,84.87,69,78,7.63,broken clouds
614,Neryungri,RU,2022-01-10 02:49:27,56.6709,124.6491,-26.23,99,92,3.13,overcast clouds
615,Vostok,RU,2022-01-10 02:49:27,46.4856,135.8833,3.06,85,21,2.93,few clouds
616,Coahuayana,MX,2022-01-10 02:49:27,18.7333,-103.6833,81.88,77,81,2.57,broken clouds
617,Lengerich,DE,2022-01-10 02:49:28,52.1833,7.8667,37.9,100,75,1.14,broken clouds
618,Khani,GE,2022-01-10 02:49:28,41.9563,42.9566,45.97,68,69,9.24,broken clouds
619,Pilar,BR,2022-01-10 02:49:29,-9.5972,-35.9567,75.13,91,13,3.98,few clouds
620,Saryg-Sep,RU,2022-01-10 02:49:29,51.5,95.6,-4.25,97,97,1.01,overcast clouds
621,Santiago De Chuco,PE,2022-01-10 02:49:30,-8.15,-78.1833,50.47,83,93,4.25,overcast clouds
622,Ashland,US,2022-01-10 02:49:30,40.8167,-82.2665,24.76,75,15,14.18,few clouds
623,Kaili,ID,2022-01-10 02:49:31,-3.4626,120.2147,79.83,67,66,3.76,broken clouds
624,Nyurba,RU,2022-01-10 02:49:31,63.2842,118.3319,-25.31,96,44,4.0,scattered clouds
625,La Rioja,ES,2022-01-10 02:49:31,42.25,-2.5,49.05,94,100,13.98,overcast clouds
626,Marzuq,YE,2022-01-10 02:49:32,14.4,46.4667,56.5,36,4,1.25,clear sky
627,Vagur,FO,2022-01-10 02:49:32,61.4732,-6.8119,44.1,84,100,36.53,overcast clouds
628,San Quintin,MX,2022-01-10 02:46:10,30.4833,-115.95,59.49,72,10,5.91,clear sky
629,Haifa,IL,2022-01-10 02:49:33,32.8156,34.9892,52.21,72,60,13.65,broken clouds
630,Koslan,RU,2022-01-10 02:49:33,63.4564,48.8989,9.84,94,100,6.49,overcast clouds
631,Pleasanton,US,2022-01-10 02:45:24,37.6624,-121.8747,54.64,86,0,0.0,clear sky
632,San Francisco,US,2022-01-10 02:45:37,37.7749,-122.4194,54.82,82,75,1.01,broken clouds
633,Sambava,MG,2022-01-10 02:49:34,-14.2667,50.1667,75.4,90,98,5.79,overcast clouds
634,Vuktyl,RU,2022-01-10 02:49:34,63.8567,57.3094,10.13,95,100,8.57,light snow
635,Inirida,CO,2022-01-10 02:49:35,3.8653,-67.9239,73.85,68,93,2.55,overcast clouds
636,Luorong,CN,2022-01-10 02:49:35,24.4058,109.6086,51.37,83,100,3.76,overcast clouds
637,Bintulu,MY,2022-01-10 02:49:36,3.1667,113.0333,82.81,78,20,5.99,few clouds
638,Matay,EG,2022-01-10 02:49:37,28.419,30.7792,48.74,40,0,6.15,clear sky
639,Kieta,PG,2022-01-10 02:49:37,-6.2167,155.6333,84.51,75,60,11.1,light rain
640,Manaus,BR,2022-01-10 02:49:28,-3.1019,-60.025,77.49,94,0,1.14,clear sky
641,Aranos,NA,2022-01-10 02:50:38,-24.1333,19.1167,72.16,69,66,7.47,broken clouds
642,College,US,2022-01-10 02:49:31,64.8569,-147.8028,-6.14,67,75,10.36,broken clouds
643,Kizhinga,RU,2022-01-10 02:50:38,51.8462,109.9097,-11.74,89,29,0.78,scattered clouds
644,Lasa,IT,2022-01-10 02:50:39,46.6166,10.7002,25.68,84,80,5.82,broken clouds
645,Fuxin,CN,2022-01-10 02:50:39,42.0156,121.6589,15.08,39,12,13.09,few clouds
646,Port Blair,IN,2022-01-10 02:50:40,11.6667,92.75,82.13,67,89,12.55,overcast clouds
647,Smithers,CA,2022-01-10 02:50:40,54.7804,-127.1743,10.72,92,75,2.3,broken clouds
648,Energeticheskiy,KZ,2022-01-10 02:50:41,43.4278,77.0222,28.96,93,100,6.71,overcast clouds
649,Villa Maria,AR,2022-01-10 02:50:41,-32.4075,-63.2402,74.82,71,0,7.61,clear sky
650,Mirnyy,RU,2022-01-10 02:50:41,62.5353,113.9611,-19.77,68,70,7.0,broken clouds
651,Bonthe,SL,2022-01-10 02:50:42,7.5264,-12.505,77.45,89,46,4.59,light rain
652,Dicabisagan,PH,2022-01-10 02:50:42,17.0818,122.4157,78.58,76,57,5.44,broken clouds
653,Annan,GB,2022-01-10 02:50:43,54.9884,-3.2565,42.98,95,73,2.71,broken clouds
654,Khilok,RU,2022-01-10 02:50:43,51.3674,110.4676,-2.81,76,5,2.19,clear sky
655,Gornopravdinsk,RU,2022-01-10 02:50:44,60.05,69.9,5.74,91,96,9.84,overcast clouds
656,Byron Bay,AU,2022-01-10 02:50:44,-28.65,153.6167,86.11,66,54,9.82,broken clouds
657,Esperance,AU,2022-01-10 02:50:45,-33.8667,121.9,67.84,59,74,15.99,broken clouds
658,Ketchikan,US,2022-01-10 02:49:09,55.3422,-131.6461,42.78,100,75,17.27,moderate rain
659,Rio Gallegos,AR,2022-01-10 02:50:45,-51.6226,-69.2181,53.65,50,75,5.75,broken clouds
660,Badou,TG,2022-01-10 02:50:46,7.5833,0.6,72.18,30,48,3.27,scattered clouds
661,Naze,JP,2022-01-10 02:50:46,28.3667,129.4833,61.72,71,98,8.03,overcast clouds
662,Paamiut,GL,2022-01-10 02:50:47,61.994,-49.6678,11.97,84,100,18.32,overcast clouds
663,Derzhavinsk,KZ,2022-01-10 02:50:47,51.1,66.3167,-10.12,100,39,5.68,scattered clouds
664,Madaripur,BD,2022-01-10 02:50:48,23.1753,90.2072,71.96,50,0,5.5,clear sky
665,Kangaatsiaq,GL,2022-01-10 02:50:48,68.3065,-53.4641,12.78,95,100,12.53,light snow
666,Sigli,ID,2022-01-10 02:49:17,5.3848,95.9609,81.39,74,84,2.55,broken clouds
667,Kloulklubed,PW,2022-01-10 02:50:49,7.0419,134.2556,82.74,75,88,10.51,overcast clouds
668,Neuquen,AR,2022-01-10 02:50:49,-38.9516,-68.0591,76.89,50,0,3.44,clear sky
